City_ID,City,Lat,Lng,Max Temp,Humidity,Cloudiness,Wind Speed,Country,Date
0,Mataura,-46.1927,168.8643,77.74,38,92,5.26,NZ,2023-01-02 02:56:13
1,Harper,4.375,-7.7169,76.26,77,0,1.52,LR,2023-01-02 02:56:13
2,Olinda,-8.0089,-34.8553,80.33,78,75,6.91,BR,2023-01-02 02:56:14
3,Korla,41.7597,86.1469,20.25,55,0,1.01,CN,2023-01-02 02:56:14
4,Rio Grande,-32.035,-52.0986,74.32,88,100,19.04,BR,2023-01-02 02:56:15
5,Marsh Harbour,26.5412,-77.0636,75.85,80,10,8.52,BS,2023-01-02 02:54:51
6,Teluk Nibung,3.001,99.8164,80.46,74,96,7.74,ID,2023-01-02 02:56:16
7,Mamallapuram,12.6264,80.1722,75.25,65,40,3.94,IN,2023-01-02 02:56:17
8,Hobart,-42.8794,147.3294,83.26,78,40,14.97,AU,2023-01-02 02:56:17
9,San Cristobal,7.7669,-72.225,66.38,97,63,2.64,VE,2023-01-02 02:52:17
10,Hilo,19.7297,-155.09,88.29,93,43,8.72,US,2023-01-02 02:56:18
11,Mogadishu,2.0371,45.3438,76.51,86,77,15.86,SO,2023-01-02 02:52:42
12,Yeppoon,-23.1333,150.7333,87.58,61,26,13.58,AU,2023-01-02 02:56:19
13,Mendota,36.7536,-120.3816,49.32,53,0,10.83,US,2023-01-02 02:56:20
14,Laela,-8.5667,32.05,57.29,91,81,0.31,TZ,2023-01-02 02:56:20
15,Salalah,17.0151,54.0924,69.85,44,23,9.31,OM,2023-01-02 02:56:21
16,Saravan,39.7196,45.6483,23.29,42,1,5.88,AM,2023-01-02 02:56:21
17,Geraldton,-28.7667,114.6,90.01,25,0,19.57,AU,2023-01-02 02:56:22
18,Nikolskoye,59.7035,30.7861,28.8,81,8,12.82,RU,2023-01-02 02:56:23
19,Ancud,-41.8697,-73.8203,52.05,80,58,4.88,CL,2023-01-02 02:56:23
20,Mar Del Plata,-38.0023,-57.5575,66.09,92,75,7.0,AR,2023-01-02 02:56:24
21,Banyo,6.75,11.8167,62.4,35,0,1.81,CM,2023-01-02 02:56:24
22,Dunedin,-45.8742,170.5036,59.81,95,23,16.69,NZ,2023-01-02 02:56:25
23,Carnarvon,-24.8667,113.6333,81.07,54,6,18.14,AU,2023-01-02 02:56:25
24,Busselton,-33.65,115.3333,76.96,35,0,7.29,AU,2023-01-02 02:56:26
25,San Quintin,30.4833,-115.95,57.72,62,21,20.18,MX,2023-01-02 02:56:26
26,Faanui,-16.4833,-151.75,81.18,74,32,11.25,PF,2023-01-02 02:56:27
27,Bambous Virieux,-20.3428,57.7575,78.22,88,40,3.44,MU,2023-01-02 02:56:28
28,Portland,45.5234,-122.6762,41.34,92,88,3.0,US,2023-01-02 02:54:21
29,Chuy,-33.6971,-53.4616,72.36,84,100,2.04,UY,2023-01-02 02:56:28
30,Kapaa,22.0752,-159.319,80.92,73,0,11.5,US,2023-01-02 02:51:51
31,Tuktoyaktuk,69.4541,-133.0374,-9.4,84,75,16.11,CA,2023-01-02 02:56:29
32,Anloga,5.7947,0.8973,77.76,62,44,3.58,GH,2023-01-02 02:56:29
33,Neiafu,-18.65,-173.9833,86.68,79,75,9.22,TO,2023-01-02 02:56:30
34,Port Alfred,-33.5906,26.891,65.17,93,14,1.01,ZA,2023-01-02 02:56:30
35,Liberty,31.8335,-81.5004,59.11,97,0,0.36,US,2023-01-02 02:56:31
36,Homer,59.6425,-151.5483,35.8,86,100,13.0,US,2023-01-02 02:56:31
37,Qaanaaq,77.484,-69.3632,1.11,61,100,5.21,GL,2023-01-02 02:56:32
38,Lebu,-37.6167,-73.65,55.51,80,0,15.28,CL,2023-01-02 02:56:33
39,Port Lincoln,-34.7333,135.8667,70.45,65,4,17.18,AU,2023-01-02 02:56:33
40,Bluff,-46.6,168.3333,63.27,64,99,5.12,NZ,2023-01-02 02:56:34
41,Chapais,49.7834,-74.8492,17.38,98,98,2.59,CA,2023-01-02 02:56:34
42,Touros,-5.1989,-35.4608,77.76,83,99,9.33,BR,2023-01-02 02:57:35
43,Cape Town,-33.9258,18.4232,72.37,65,0,16.11,ZA,2023-01-02 02:55:00
44,Severo-Kurilsk,50.6789,156.125,27.37,93,100,20.29,RU,2023-01-02 02:53:58
45,Vila Velha,-20.3297,-40.2925,76.95,93,75,4.61,BR,2023-01-02 02:53:20
46,Thompson,55.7435,-97.8558,-3.84,84,75,0.0,CA,2023-01-02 02:57:36
47,New Norfolk,-42.7826,147.0587,82.9,44,98,1.99,AU,2023-01-02 02:57:36
48,Hobyo,5.3505,48.5268,77.54,79,26,19.91,SO,2023-01-02 02:57:37
49,Monte Patria,-30.6919,-70.9467,72.19,50,0,1.77,CL,2023-01-02 02:55:54
50,Albany,42.6001,-73.9662,37.58,86,33,2.57,US,2023-01-02 02:57:38
51,La Cruz,23.9167,-106.9,65.64,80,4,2.91,MX,2023-01-02 02:57:38
52,Yellowknife,62.456,-114.3525,-16.89,100,25,4.56,CA,2023-01-02 02:56:41
53,Marzuq,14.4,46.4667,58.84,64,5,2.98,YE,2023-01-02 02:57:39
54,Verkhovazhye,60.7472,42.0465,20.46,92,54,9.75,RU,2023-01-02 02:57:39
55,Ushuaia,-54.8,-68.3,47.86,71,75,11.5,AR,2023-01-02 02:57:40
56,Rikitea,-23.1203,-134.9692,77.76,75,100,11.05,PF,2023-01-02 02:57:40
57,Dingle,10.9995,122.6711,81.91,79,100,12.35,PH,2023-01-02 02:57:41
58,Ludwigslust,53.3167,11.5,50.83,92,100,9.31,DE,2023-01-02 02:57:41
59,Visnes,59.3556,5.2242,38.21,80,100,8.05,NO,2023-01-02 02:57:42
60,Hermanus,-34.4187,19.2345,69.8,82,9,15.23,ZA,2023-01-02 02:57:42
61,Saskylakh,71.9167,114.0833,-13.68,100,99,3.6,RU,2023-01-02 02:57:43
62,Zhigalovo,54.8097,105.1578,-20.96,96,49,0.85,RU,2023-01-02 02:57:43
63,Nyurba,63.2842,118.3319,1.89,94,100,7.07,RU,2023-01-02 02:57:43
64,Atuona,-9.8,-139.0333,78.3,78,7,18.77,PF,2023-01-02 02:57:44
65,Ambovombe,-25.1667,46.0833,73.67,87,100,4.21,MG,2023-01-02 02:57:44
66,Codrington,-38.2667,141.9667,70.72,63,17,12.21,AU,2023-01-02 02:57:45
67,Bubaque,11.2833,-15.8333,78.15,76,66,5.1,GW,2023-01-02 02:57:45
68,Hasaki,35.7333,140.8333,48.6,45,2,9.75,JP,2023-01-02 02:53:21
69,Cabo San Lucas,22.8909,-109.9124,71.51,72,2,3.0,MX,2023-01-02 02:56:19
70,Ribeira Grande,38.5167,-28.7,59.77,75,82,18.99,PT,2023-01-02 02:57:46
71,Vaini,-21.2,-175.2,77.16,94,75,8.05,TO,2023-01-02 02:57:47
72,Asau,46.4333,26.4,34.72,72,9,6.31,RO,2023-01-02 02:57:47
73,Bandarban,22.1965,92.2262,62.31,41,1,2.1,BD,2023-01-02 02:57:48
74,Tiksi,71.6872,128.8694,-24.41,99,99,4.88,RU,2023-01-02 02:57:48
75,Punta Arenas,-53.15,-70.9167,48.31,76,20,27.63,CL,2023-01-02 02:57:48
76,Ponta Do Sol,32.6667,-17.1,65.01,82,100,5.84,PT,2023-01-02 02:57:49
77,Xining,36.6167,101.7667,21.69,48,7,1.79,CN,2023-01-02 02:57:49
78,Chadiza,-14.0678,32.4392,61.95,98,59,2.82,ZM,2023-01-02 02:57:50
79,Shiliguri,26.7,88.4333,67.17,44,1,1.05,IN,2023-01-02 02:57:21
80,Tocopilla,-22.092,-70.1979,68.92,75,33,5.61,CL,2023-01-02 02:57:51
81,Port Blair,11.6667,92.75,82.44,65,40,5.75,IN,2023-01-02 02:57:51
82,Constitucion,-35.3333,-72.4167,55.31,89,0,11.12,CL,2023-01-02 02:57:52
83,Riverton,40.5219,-111.9391,35.01,94,100,12.66,US,2023-01-02 02:54:37
84,Sassandra,4.95,-6.0833,72.64,86,1,3.11,CI,2023-01-02 02:57:52
85,Lagoa,39.05,-27.9833,58.6,79,100,25.59,PT,2023-01-02 02:57:53
86,Mount Isa,-20.7333,139.5,85.77,66,96,12.66,AU,2023-01-02 02:57:53
87,Chernyshevskiy,63.0128,112.4714,-19.75,90,87,4.27,RU,2023-01-02 02:57:54
88,General Roca,-39.0333,-67.5833,72.63,23,0,27.47,AR,2023-01-02 02:58:54
89,Atambua,-9.1061,124.8925,78.31,83,100,9.22,ID,2023-01-02 02:58:55
90,Clyde River,70.4692,-68.5914,-23.57,69,40,13.8,CA,2023-01-02 02:58:55
91,Ilulissat,69.2167,-51.1,-17.43,85,98,8.32,GL,2023-01-02 02:58:56
92,Guymon,36.6828,-101.4816,45.32,50,100,8.93,US,2023-01-02 02:58:57
93,Maragogi,-9.0122,-35.2225,75.56,89,93,6.38,BR,2023-01-02 02:58:57
94,Roebourne,-20.7833,117.1333,100.51,23,51,15.61,AU,2023-01-02 02:58:58
95,Kagadi,0.9606,30.7967,59.86,79,95,2.08,UG,2023-01-02 02:58:58
96,Vao,-22.6667,167.4833,77.88,71,0,16.75,NC,2023-01-02 02:58:59
97,Cordoba,-31.4135,-64.1811,67.75,70,0,6.91,AR,2023-01-02 02:54:26
98,Saint-Philippe,-21.3585,55.7679,76.59,79,71,1.79,RE,2023-01-02 02:58:59
99,Barrow,71.2906,-156.7887,6.82,85,100,11.5,US,2023-01-02 02:59:00
100,Liuzhou,24.3126,109.3892,57.96,53,35,14.03,CN,2023-01-02 02:59:00
101,Urucui,-7.2294,-44.5561,77.61,65,93,1.99,BR,2023-01-02 02:59:01
102,Barra Do Garcas,-15.89,-52.2567,73.71,88,69,1.66,BR,2023-01-02 02:54:22
103,Madisonville,37.3281,-87.4989,54.88,92,14,7.38,US,2023-01-02 02:54:54
104,Merauke,-8.4667,140.3333,86.23,64,97,10.31,ID,2023-01-02 02:59:02
105,Jamestown,42.097,-79.2353,42.03,61,100,4.0,US,2023-01-02 02:59:03
106,Mweka,-4.85,21.5667,67.64,99,100,1.88,CD,2023-01-02 02:59:03
107,Alihe,50.5667,123.7167,1.47,71,38,4.25,CN,2023-01-02 02:59:04
108,Kamina,-8.7386,24.9906,62.8,98,100,1.9,CD,2023-01-02 02:59:04
109,Roald,62.5833,6.1333,34.09,69,75,6.91,NO,2023-01-02 02:59:05
110,Kirov,58.5966,49.6601,31.53,98,100,6.17,RU,2023-01-02 02:59:05
111,Shaoyang,27.2315,111.4525,44.56,71,100,3.96,CN,2023-01-02 02:59:06
112,Aleksandrov Gay,50.147,48.5704,41.92,92,100,18.07,RU,2023-01-02 02:59:07
113,Verkhoyansk,67.5447,133.385,-29.29,100,100,2.08,RU,2023-01-02 02:59:07
114,Belize,17.25,-88.75,75.52,99,28,2.71,BZ,2023-01-02 02:59:08
115,Catamarca,-28.4696,-65.7852,80.06,38,97,2.75,AR,2023-01-02 02:59:08
116,Mumford,5.2618,-0.759,74.28,71,4,5.66,GH,2023-01-02 02:59:09
117,Katobu,-4.9408,122.5276,86.14,60,100,8.55,ID,2023-01-02 02:59:10
118,Torbay,47.6666,-52.7314,37.89,97,100,4.61,CA,2023-01-02 02:59:10
119,Katsuura,35.1333,140.3,49.3,40,20,8.05,JP,2023-01-02 02:59:10
120,Mucuri,-18.0864,-39.5508,75.02,86,99,8.01,BR,2023-01-02 02:59:11
121,Clovis,36.8252,-119.7029,51.6,86,15,2.28,US,2023-01-02 02:55:21
122,Mangai,-4.05,19.5333,68.07,98,100,1.68,CD,2023-01-02 02:59:12
123,Port-Gentil,-0.7193,8.7815,79.75,79,100,7.18,GA,2023-01-02 02:59:13
124,Kavaratti,10.5669,72.642,80.98,72,59,11.59,IN,2023-01-02 02:59:13
125,Vila Franca Do Campo,37.7167,-25.4333,57.61,70,78,10.33,PT,2023-01-02 02:59:14
126,Pevek,69.7008,170.3133,-35.12,99,99,3.58,RU,2023-01-02 02:59:15
127,Port Hardy,50.6996,-127.4199,42.98,81,100,20.71,CA,2023-01-02 02:59:16
128,Makakilo City,21.3469,-158.0858,75.43,77,18,4.25,US,2023-01-02 02:59:16
129,Port Moresby,-9.4431,147.1797,92.62,38,40,14.97,PG,2023-01-02 02:59:17
130,Dikson,73.5069,80.5464,-16.98,100,100,6.35,RU,2023-01-02 02:59:18
131,Kaniama,-7.5667,24.1833,64.63,98,100,1.59,CD,2023-01-02 02:59:18
132,Saldanha,-33.0117,17.9442,64.45,85,0,4.9,ZA,2023-01-02 02:59:19
133,Upernavik,72.7868,-56.1549,-16.1,90,99,5.32,GL,2023-01-02 02:59:20
134,Ulladulla,-35.35,150.4667,79.68,57,5,18.99,AU,2023-01-02 02:59:20
135,Kaeo,-35.1,173.7833,72.32,72,100,17.49,NZ,2023-01-02 03:00:23
136,Barabinsk,55.3571,78.357,-5.71,100,100,6.17,RU,2023-01-02 03:00:24
137,Piacabucu,-10.4056,-36.4344,75.79,86,85,8.61,BR,2023-01-02 03:00:25
138,Udachnyy,66.4167,112.4,-2.29,86,100,14.34,RU,2023-01-02 03:00:25
139,Sangar,63.9242,127.4739,-39.08,99,94,2.1,RU,2023-01-02 03:00:26
140,Cayenne,4.9333,-52.3333,73.44,100,100,3.44,GF,2023-01-02 02:59:34
141,Laje,-10.1833,-40.9667,71.42,79,99,5.3,BR,2023-01-02 03:00:27
142,Khor,47.8861,134.9464,-4.79,88,62,13.44,RU,2023-01-02 03:00:28
143,Zhigansk,66.7697,123.3711,-31.11,100,23,8.46,RU,2023-01-02 03:00:29
144,Changji,44.0167,87.3167,0.39,85,75,2.24,CN,2023-01-02 03:00:30
145,Kirakira,-10.4544,161.9205,80.49,85,100,9.4,SB,2023-01-02 03:00:31
146,Mattru,7.6244,-11.8332,70.27,94,4,2.01,SL,2023-01-02 03:00:31
147,Dwarka,22.2394,68.9678,69.33,44,26,9.26,IN,2023-01-02 03:00:32
148,Arraial Do Cabo,-22.9661,-42.0278,74.03,90,70,22.5,BR,2023-01-02 03:00:33
149,Maningrida,-12.0667,134.2667,84.88,73,99,18.1,AU,2023-01-02 03:00:33
150,Maniitsoq,65.4167,-52.9,-0.22,86,19,9.22,GL,2023-01-02 03:00:34
151,Langham,52.3668,-106.9679,13.84,95,100,4.99,CA,2023-01-02 03:00:34
152,Tautira,-17.7333,-149.15,80.31,78,35,13.67,PF,2023-01-02 03:00:35
153,Pallisa,1.145,33.7094,63.57,66,5,2.1,UG,2023-01-02 03:00:36
154,Komsomolskiy,40.4272,71.7189,30.92,86,100,6.91,UZ,2023-01-02 03:00:37
155,Scottsbluff,41.8666,-103.6672,35.29,79,99,1.01,US,2023-01-02 02:57:17
156,Kavieng,-2.5744,150.7967,84.65,67,76,4.63,PG,2023-01-02 03:00:38
157,Rio Gallegos,-51.6226,-69.2181,51.89,62,55,31.47,AR,2023-01-02 03:00:38
158,Bindura,-17.3019,31.3306,63.14,95,100,1.66,ZW,2023-01-02 03:00:39
159,Kabanjahe,3.1001,98.4908,70.0,73,96,3.27,ID,2023-01-02 03:00:40
160,Wamba,8.9333,8.6,66.09,32,92,4.27,NG,2023-01-02 03:00:41
161,East London,-33.0153,27.9116,67.08,88,17,10.58,ZA,2023-01-02 03:00:16
162,Natal,-5.795,-35.2094,77.65,100,40,5.75,BR,2023-01-02 03:00:41
163,May Pen,17.9645,-77.2451,70.59,90,11,4.76,JM,2023-01-02 03:00:42
164,Daru,-9.0763,143.2092,90.48,50,69,1.99,PG,2023-01-02 03:00:43
165,Saint George,37.1041,-113.5841,45.25,85,100,10.36,US,2023-01-02 03:00:43
166,Souillac,-20.5167,57.5167,75.58,83,40,3.44,MU,2023-01-02 03:00:44
167,Haines Junction,60.7522,-137.5108,15.28,99,100,1.54,CA,2023-01-02 03:00:44
168,Russell,32.3502,-85.1999,57.0,93,0,0.0,US,2023-01-02 02:56:04
169,Wiset Chai Chan,14.5989,100.3617,76.91,50,90,12.91,TH,2023-01-02 03:00:45
170,Aklavik,68.2191,-135.0107,-8.7,98,100,5.79,CA,2023-01-02 03:00:46
171,Hurricane,37.1753,-113.2899,43.32,94,100,1.45,US,2023-01-02 03:00:46
172,Pangnirtung,66.1451,-65.7125,-22.43,87,89,5.35,CA,2023-01-02 03:00:47
173,Zirgan,53.2222,55.9185,25.3,95,100,15.28,RU,2023-01-02 03:00:48
174,Asilah,35.465,-6.0348,58.96,65,89,11.21,MA,2023-01-02 03:00:48
175,Butaritari,3.0707,172.7902,81.88,72,100,15.14,KI,2023-01-02 03:00:49
176,Constantine,36.365,6.6147,48.81,43,66,6.06,DZ,2023-01-02 03:00:27
177,Gigmoto,13.7796,124.39,80.31,86,100,11.03,PH,2023-01-02 03:00:50
178,Kushtagi,15.7667,76.2,71.26,65,5,8.12,IN,2023-01-02 03:00:51
179,Ust-Tsilma,65.441,52.1498,10.15,94,100,10.31,RU,2023-01-02 03:00:52
180,Sao Joao Da Barra,-21.6403,-41.0511,73.74,91,100,11.45,BR,2023-01-02 03:00:52
181,Esperance,-33.8667,121.9,67.59,55,15,12.84,AU,2023-01-02 03:01:53
182,Sarangani,5.4033,125.4636,80.17,76,100,7.63,PH,2023-01-02 03:01:53
183,Tobias Barreto,-11.1839,-37.9983,71.53,95,69,5.73,BR,2023-01-02 03:01:54
184,Diego De Almagro,-26.3667,-70.05,61.66,58,0,2.75,CL,2023-01-02 03:01:29
185,Tura,25.5198,90.2201,65.84,48,0,1.14,IN,2023-01-02 03:01:55
186,Kodiak,57.79,-152.4072,38.71,100,100,9.22,US,2023-01-02 02:59:29
187,Filadelfia,39.9523,-75.1638,49.8,79,68,1.01,US,2023-01-02 02:59:26
188,Orocue,4.7912,-71.3354,82.13,54,99,4.79,CO,2023-01-02 03:01:56
189,Ocampo,21.65,-101.5,52.65,64,67,11.43,MX,2023-01-02 03:01:56
190,Atar,20.5169,-13.0499,68.52,22,0,9.64,MR,2023-01-02 03:01:57
191,Bengkulu,-3.8004,102.2655,80.65,71,99,3.49,ID,2023-01-02 03:01:58
192,Puerto Ayora,-0.7393,-90.3518,72.55,96,18,7.0,EC,2023-01-02 03:01:58
193,Meulaboh,4.1363,96.1285,80.08,77,58,3.11,ID,2023-01-02 03:01:59
194,Namibe,-15.1961,12.1522,72.88,73,100,5.28,AO,2023-01-02 03:01:59
195,Half Moon Bay,37.4636,-122.4286,56.32,71,20,8.05,US,2023-01-02 03:02:00
196,Mahebourg,-20.4081,57.7,78.26,83,40,3.44,MU,2023-01-02 03:02:00
197,Watsa,3.0372,29.5355,62.56,61,25,2.19,CD,2023-01-02 03:02:01
198,Castro,-24.7911,-50.0119,62.4,93,6,4.52,BR,2023-01-02 03:01:50
199,Sorland,67.667,12.6934,40.86,77,100,30.71,NO,2023-01-02 03:02:01
200,Tynda,55.1667,124.7167,2.64,74,54,9.71,RU,2023-01-02 03:02:02
201,Huron,41.1501,-82.5499,48.69,93,100,5.55,US,2023-01-02 02:59:38
202,Port Elizabeth,-33.918,25.5701,67.32,94,13,8.01,ZA,2023-01-02 03:02:03
203,Chilliwack,49.1747,-121.9443,39.78,98,52,3.0,CA,2023-01-02 02:57:04
204,Georgetown,5.4112,100.3354,84.13,68,20,10.36,MY,2023-01-02 03:02:04
205,Morros,-9.4467,-46.3003,76.17,62,79,3.71,BR,2023-01-02 03:02:05
206,Naze,28.3667,129.4833,60.69,59,43,9.44,JP,2023-01-02 03:02:05
207,Varnamo,57.186,14.04,44.28,94,100,8.39,SE,2023-01-02 03:02:06
208,Goedereede,51.8175,3.9806,56.05,89,100,3.0,NL,2023-01-02 03:02:06
209,Kloulklubed,7.0419,134.2556,81.01,81,100,20.96,PW,2023-01-02 03:02:07
210,College,64.8569,-147.8028,19.58,89,100,3.18,US,2023-01-02 03:02:08
211,Fano,43.8204,13.0121,52.7,89,99,2.55,IT,2023-01-02 03:02:08
212,Quatre Cocos,-20.2078,57.7625,78.1,71,8,1.23,MU,2023-01-02 03:02:09
213,San Pedro,14.35,121.0167,86.27,67,40,10.89,PH,2023-01-02 03:02:09
214,Kautokeino,69.0125,23.0412,4.41,97,35,3.22,NO,2023-01-02 03:02:10
215,Wilmington,34.2257,-77.9447,55.0,89,0,4.29,US,2023-01-02 03:01:01
216,Beringovskiy,63.05,179.3167,-12.73,87,75,11.54,RU,2023-01-02 03:02:11
217,Tepetzintla,21.1667,-97.8333,68.41,91,55,5.12,MX,2023-01-02 03:02:11
218,Kisangani,0.5167,25.2,70.74,86,100,2.62,CD,2023-01-02 03:02:12
219,Avarua,-21.2078,-159.775,78.8,85,100,17.72,CK,2023-01-02 03:02:12
220,Narasannapeta,18.4167,84.05,73.98,71,95,2.66,IN,2023-01-02 03:02:13
221,Xiongyue,40.1774,122.1228,23.02,33,0,5.5,CN,2023-01-02 03:02:13
222,Laguna,38.421,-121.4238,54.28,58,0,14.97,US,2023-01-02 03:02:14
223,Tuatapere,-46.1333,167.6833,68.09,60,100,8.66,NZ,2023-01-02 03:02:15
224,Capoeiras,-8.7347,-36.6267,65.7,93,89,7.02,BR,2023-01-02 03:02:15
225,Talnakh,69.4865,88.3972,-13.11,82,100,6.33,RU,2023-01-02 03:02:16
226,Vestmannaeyjar,63.4427,-20.2734,39.65,58,100,22.79,IS,2023-01-02 03:02:16
227,Saverne,48.8333,7.25,57.51,45,100,17.16,FR,2023-01-02 03:02:17
228,Leningradskiy,69.3833,178.4167,-32.28,96,50,4.7,RU,2023-01-02 03:02:18
229,Fortuna,40.5982,-124.1573,43.14,94,0,1.01,US,2023-01-02 03:03:18
230,Veraval,20.9,70.3667,66.02,39,10,8.72,IN,2023-01-02 03:03:19
231,Te Anau,-45.4167,167.7167,76.14,43,100,1.28,NZ,2023-01-02 03:03:20
232,Yining,29.0361,114.5636,43.29,89,100,2.48,CN,2023-01-02 03:03:20
233,Alice Springs,-23.7,133.8833,94.55,41,100,19.57,AU,2023-01-02 03:03:21
234,Beloha,-25.1667,45.05,73.47,89,100,4.99,MG,2023-01-02 03:03:21
235,Margate,51.3813,1.3862,45.9,94,100,1.01,GB,2023-01-02 03:03:22
236,Nanortalik,60.1432,-45.2371,8.33,67,2,14.2,GL,2023-01-02 03:03:23
237,The Valley,18.217,-63.0578,79.11,76,1,16.13,AI,2023-01-02 03:02:45
238,Tarakan,3.3,117.6333,85.5,74,40,9.22,ID,2023-01-02 02:59:10
239,Bathsheba,13.2167,-59.5167,76.82,81,25,17.67,BB,2023-01-02 03:03:24
240,Inhambane,-23.865,35.3833,74.26,84,94,6.13,MZ,2023-01-02 03:03:24
241,Hithadhoo,-0.6,73.0833,81.52,71,99,11.65,MV,2023-01-02 03:03:25
242,Phalodi,27.1333,72.3667,55.27,29,2,6.4,IN,2023-01-02 03:03:26
243,Scarborough,54.2797,-0.4044,44.17,89,79,1.99,GB,2023-01-02 03:03:26
244,Tiarei,-17.5333,-149.3333,86.02,78,39,11.01,PF,2023-01-02 03:03:27
245,Tasiilaq,65.6145,-37.6368,1.56,53,0,9.51,GL,2023-01-02 03:03:20
246,Kuruman,-27.4524,23.4325,64.38,73,13,6.15,ZA,2023-01-02 03:03:28
247,Sinnamary,5.3833,-52.95,75.97,89,100,6.69,GF,2023-01-02 03:03:29
248,Ano Poroia,41.2833,23.0333,44.76,77,8,1.57,GR,2023-01-02 03:03:29
249,Lakes Entrance,-37.8811,147.981,93.16,56,87,7.38,AU,2023-01-02 03:03:30
250,Mitsamiouli,-11.3847,43.2844,80.04,78,97,6.91,KM,2023-01-02 03:03:30
251,Opuwo,-18.0607,13.84,70.95,68,100,2.95,NA,2023-01-02 03:03:31
252,Cap Malheureux,-19.9842,57.6142,78.48,74,32,2.57,MU,2023-01-02 03:03:31
253,Marovoay,-16.1,46.6333,73.17,92,87,3.24,MG,2023-01-02 03:03:32
254,Taksimo,56.3444,114.8794,-3.44,77,80,3.49,RU,2023-01-02 03:03:33
255,Pisco,-13.7,-76.2167,69.03,78,100,3.13,PE,2023-01-02 03:03:33
256,Vaxjo,56.8777,14.8091,44.65,100,100,8.05,SE,2023-01-02 03:03:34
257,Den Helder,52.9599,4.7593,53.02,99,100,15.01,NL,2023-01-02 03:03:35
258,Machiques,10.0644,-72.545,74.97,81,16,7.52,VE,2023-01-02 03:03:35
259,Glodeni,47.7708,27.5144,46.71,78,19,0.47,MD,2023-01-02 03:03:36
260,Beira,-19.8436,34.8389,73.58,90,15,6.26,MZ,2023-01-02 03:03:36
261,Yei,4.095,30.6779,71.8,48,70,3.31,SS,2023-01-02 03:03:37
262,Namatanai,-3.6667,152.4333,85.03,67,99,5.44,PG,2023-01-02 03:03:37
263,Pacific Grove,36.6177,-121.9166,53.65,86,40,5.01,US,2023-01-02 03:03:38
264,Hofn,64.2539,-15.2082,25.68,81,100,6.98,IS,2023-01-02 03:03:38
265,Luderitz,-26.6481,15.1594,64.94,86,25,11.23,NA,2023-01-02 02:59:39
266,Port Augusta,-32.5,137.7667,89.1,29,0,18.3,AU,2023-01-02 03:03:39
267,Sitka,57.0531,-135.33,38.25,94,100,13.09,US,2023-01-02 03:03:40
268,Longyearbyen,78.2186,15.6401,31.84,69,75,23.02,SJ,2023-01-02 03:03:40
269,Westport,41.1415,-73.3579,45.45,73,78,1.99,US,2023-01-02 03:00:50
270,Bredasdorp,-34.5322,20.0403,65.52,92,21,10.83,ZA,2023-01-02 03:03:41
271,Lavrentiya,65.5833,-171.0,-12.51,92,35,12.15,RU,2023-01-02 03:03:41
272,Srednekolymsk,67.45,153.6833,-34.29,98,99,5.7,RU,2023-01-02 03:03:42
273,Shenxian,36.2411,115.6672,38.79,40,60,6.89,CN,2023-01-02 03:03:42
274,Kaitangata,-46.2817,169.8464,67.06,60,51,10.09,NZ,2023-01-02 03:03:43
275,Cherskiy,68.75,161.3,-46.8,99,59,4.99,RU,2023-01-02 03:04:43
276,Seymchan,62.8833,152.4333,-46.66,98,68,0.36,RU,2023-01-02 03:04:44
277,Indergarh,26.9352,79.6724,53.31,52,0,1.86,IN,2023-01-02 03:04:44
278,Utete,-7.986,38.758,71.11,98,59,2.15,TZ,2023-01-02 03:04:45
279,Kuzino,57.0224,59.4412,22.24,89,100,11.61,RU,2023-01-02 03:04:45
280,Norman Wells,65.282,-126.8329,-2.13,94,100,6.64,CA,2023-01-02 03:04:46
281,Colares,38.7992,-9.4469,54.34,92,18,21.0,PT,2023-01-02 03:04:46
282,Weyburn,49.6668,-103.8511,0.41,97,20,4.0,CA,2023-01-02 03:03:04
283,Husavik,66.0449,-17.3389,22.77,76,100,18.95,IS,2023-01-02 03:04:48
284,Yazykovo,55.2199,56.1353,24.53,95,100,23.02,RU,2023-01-02 03:04:48
285,Olafsvik,64.8945,-23.7142,37.58,66,100,27.98,IS,2023-01-02 03:04:49
286,Saint-Pierre,-21.3393,55.4781,76.68,61,0,9.22,RE,2023-01-02 03:04:49
287,Sioux Lookout,50.1001,-91.917,15.24,99,99,3.89,CA,2023-01-02 03:00:49
288,Inhuma,-6.6683,-41.7078,73.89,61,53,3.56,BR,2023-01-02 03:04:50
289,Eureka,40.8021,-124.1637,44.67,93,62,7.02,US,2023-01-02 03:00:49
290,Hay River,60.8156,-115.7999,-4.77,98,75,3.87,CA,2023-01-02 03:04:51
291,Hirara,24.8,125.2833,67.42,78,100,22.03,JP,2023-01-02 03:04:51
292,Lure,47.75,6.5,51.17,66,0,6.91,FR,2023-01-02 03:04:52
293,Marsa Matruh,31.3525,27.2453,61.36,76,87,18.43,EG,2023-01-02 03:04:52
294,Iqaluit,63.7506,-68.5145,-7.08,97,100,3.56,CA,2023-01-02 03:04:53
295,Grand Gaube,-20.0064,57.6608,78.39,74,24,2.42,MU,2023-01-02 03:04:53
296,Wajima,37.4,136.9,38.84,66,96,19.51,JP,2023-01-02 03:04:54
297,Beyneu,45.3167,55.2,36.86,79,100,11.79,KZ,2023-01-02 03:04:54
298,Fairbanks,64.8378,-147.7164,19.6,86,0,0.0,US,2023-01-02 03:04:55
299,Salta,-24.7859,-65.4117,72.19,83,75,3.44,AR,2023-01-02 03:00:52
300,Paraiso,9.8383,-83.8656,65.26,89,68,3.6,CR,2023-01-02 03:04:55
301,Brno,49.1952,16.608,47.73,87,100,3.44,CZ,2023-01-02 03:04:56
302,Coquimbo,-29.9533,-71.3436,62.33,88,0,5.75,CL,2023-01-02 03:04:56
303,Khatanga,71.9667,102.5,-12.59,96,100,10.85,RU,2023-01-02 03:04:57
304,Nemuro,43.3236,145.575,21.88,47,47,22.91,JP,2023-01-02 03:04:57
305,Poso,-1.3959,120.7524,86.02,60,100,5.37,ID,2023-01-02 03:04:58
306,Nouakchott,18.0858,-15.9785,62.53,34,50,13.22,MR,2023-01-02 03:00:14
307,Baoro,5.6667,15.9667,65.52,35,3,5.57,CF,2023-01-02 03:04:59
308,Shenjiamen,29.9576,122.298,47.19,72,100,12.8,CN,2023-01-02 03:04:59
309,Chabahar,25.2919,60.643,68.13,41,0,10.85,IR,2023-01-02 03:05:00
310,Areia Branca,-4.9561,-37.1369,79.54,79,93,15.9,BR,2023-01-02 03:04:42
311,Yulara,-25.2406,130.9889,96.71,29,83,17.13,AU,2023-01-02 03:05:00
312,Hamilton,39.1834,-84.5333,53.24,94,75,3.44,US,2023-01-02 03:03:48
313,Gat,31.61,34.7642,58.08,100,100,21.32,IL,2023-01-02 03:05:01
314,Ngunguru,-35.6167,174.5,67.28,67,100,21.21,NZ,2023-01-02 03:05:02
315,Katherine,-14.4667,132.2667,77.32,88,75,16.11,AU,2023-01-02 03:05:02
316,Guerrero Negro,27.9769,-114.0611,60.31,66,42,13.47,MX,2023-01-02 03:03:01
317,Lompoc,34.6391,-120.4579,53.78,86,75,18.41,US,2023-01-02 03:03:05
318,Tomarovka,50.6834,36.2331,45.36,87,100,14.54,RU,2023-01-02 03:05:03
319,Sibu,2.3,111.8167,83.43,75,87,3.94,MY,2023-01-02 03:05:04
320,Ballina,-28.8667,153.5667,82.02,61,0,11.48,AU,2023-01-02 03:05:04
321,Camacha,33.0833,-16.3333,58.42,72,20,4.61,PT,2023-01-02 03:05:05
322,Hrastnik,46.1461,15.0814,51.96,83,100,10.0,SI,2023-01-02 03:06:06
323,Roslavl,53.9528,32.8639,40.62,92,100,11.16,RU,2023-01-02 03:06:06
324,Kuznechnoye,61.12,29.8686,27.0,84,7,13.6,RU,2023-01-02 03:06:07
325,Kailua,21.4022,-157.7394,78.78,82,15,1.99,US,2023-01-02 03:06:07
326,Plaster Rock,46.9065,-67.39,32.52,90,92,5.73,CA,2023-01-02 03:06:08
327,Cidreira,-30.1811,-50.2056,73.17,93,97,21.21,BR,2023-01-02 03:06:08
328,Galle,6.0367,80.217,76.44,81,100,3.56,LK,2023-01-02 03:06:09
329,Celestun,20.8667,-90.4,78.26,69,36,12.37,MX,2023-01-02 03:06:09
330,Henderson,36.0397,-114.9819,53.04,52,100,14.97,US,2023-01-02 03:06:03
331,Akhtanizovskaya,45.32,37.1,50.47,87,26,15.61,RU,2023-01-02 03:05:25
332,Chokurdakh,70.6333,147.9167,-25.2,100,100,3.58,RU,2023-01-02 03:05:42
333,Lubango,-14.9172,13.4925,60.69,95,100,1.01,AO,2023-01-02 03:06:11
334,Praia Da Vitoria,38.7333,-27.0667,58.75,81,79,14.7,PT,2023-01-02 03:06:11
335,Faya,18.3851,42.4509,50.52,76,88,2.06,SA,2023-01-02 03:06:11
336,Mankono,8.0586,-6.1897,67.3,20,5,3.74,CI,2023-01-02 03:06:12
337,Bajil,15.0584,43.2851,75.33,85,36,5.32,YE,2023-01-02 03:06:13
338,Angoche,-16.2325,39.9086,73.74,88,57,5.06,MZ,2023-01-02 03:06:13
339,Zima,53.9202,102.0442,-13.5,93,67,3.71,RU,2023-01-02 03:06:14
340,Shingu,33.7333,135.9833,53.4,42,10,11.07,JP,2023-01-02 03:06:14
341,Muhlhausen,51.2167,10.45,58.41,71,100,11.9,DE,2023-01-02 03:06:15
342,Buffalo,42.8865,-78.8784,39.15,93,100,11.5,US,2023-01-02 03:03:10
343,Biak,-0.9131,122.8766,84.45,61,100,2.71,ID,2023-01-02 03:06:16
344,Benjamin Constant,-4.3831,-70.0311,77.13,99,90,2.06,BR,2023-01-02 03:06:16
345,Rundu,-17.9333,19.7667,65.28,88,84,5.88,NA,2023-01-02 03:06:17
346,Umm Lajj,25.0213,37.2685,69.1,67,0,10.85,SA,2023-01-02 03:06:17
347,Del Rio,29.3627,-100.8968,71.71,56,0,10.36,US,2023-01-02 03:03:53
348,Asfi,32.2994,-9.2372,62.24,58,47,4.76,MA,2023-01-02 03:06:18
349,Uusikaupunki,60.8004,21.4084,29.57,88,3,4.18,FI,2023-01-02 03:06:19
350,Pinega,64.7001,43.3936,25.45,93,100,8.37,RU,2023-01-02 03:06:19
351,Christchurch,-43.5333,172.6333,71.42,55,7,19.57,NZ,2023-01-02 03:02:03
352,Aksarka,66.5606,67.7975,-20.31,97,100,7.45,RU,2023-01-02 03:06:20
353,Victoria,22.2855,114.1577,70.2,68,96,11.99,HK,2023-01-02 03:06:20
354,Hereford,52.0568,-2.7148,46.35,94,100,5.99,GB,2023-01-02 03:06:21
355,Hedaru,-4.5,37.9,67.24,93,7,3.4,TZ,2023-01-02 03:06:21
356,Ambunti,-4.2365,142.8448,89.29,58,98,3.24,PG,2023-01-02 03:06:22
357,Conde,-7.2597,-34.9075,78.26,89,75,3.44,BR,2023-01-02 03:06:23
358,Aginskoye,51.1,114.53,3.65,69,0,10.25,RU,2023-01-02 03:06:23
359,Igis,46.9453,9.5722,51.62,82,75,9.28,CH,2023-01-02 03:06:24
360,Airai,-8.9266,125.4092,68.88,77,100,7.2,TL,2023-01-02 03:06:24
361,Iracoubo,5.4802,-53.2011,75.99,89,100,6.8,GF,2023-01-02 03:06:25
362,Narsaq,60.9167,-46.05,-5.58,65,0,7.56,GL,2023-01-02 03:06:25
363,Kupang,-10.1667,123.5833,84.78,79,40,13.8,ID,2023-01-02 03:06:26
364,Bonavista,48.6499,-53.1147,33.22,99,100,26.11,CA,2023-01-02 03:06:26
365,Bondoukou,8.0333,-2.8,68.43,17,7,4.54,CI,2023-01-02 03:06:27
366,Tupa,-21.9347,-50.5136,75.7,69,59,4.0,BR,2023-01-02 03:06:24
367,Jalalabad,34.4265,70.4515,43.34,26,58,4.14,AF,2023-01-02 03:06:27
368,Jibuti,11.5,42.5,68.14,86,66,12.77,DJ,2023-01-02 03:11:34
369,Hovd,48.0056,91.6419,-2.96,92,96,1.86,MN,2023-01-02 03:11:35
370,Mulchen,-37.7167,-72.2333,56.75,54,2,7.52,CL,2023-01-02 03:07:53
371,Luba,3.4568,8.5547,79.48,73,70,3.53,GQ,2023-01-02 03:11:36
372,Zaozerne,45.1582,33.2787,51.24,84,13,12.68,UA,2023-01-02 03:11:36
373,Sinop,41.7711,34.8709,41.47,58,0,7.14,TR,2023-01-02 03:11:37
374,Isangel,-19.55,169.2667,89.71,79,75,9.22,VU,2023-01-02 03:07:58
375,Alakurtti,66.9672,30.3491,29.34,90,89,13.98,RU,2023-01-02 03:11:38
376,Neftcala,39.3742,49.2472,43.0,57,60,7.23,AZ,2023-01-02 03:11:38
377,Flinders,-34.5833,150.8552,83.17,59,1,8.01,AU,2023-01-02 03:11:39
378,Moa,20.6569,-74.9403,76.01,82,33,11.39,CU,2023-01-02 03:11:40
379,Plettenberg Bay,-34.0527,23.3716,66.42,91,43,4.5,ZA,2023-01-02 03:11:40
380,Estevan,49.1334,-102.9842,16.14,97,31,5.75,CA,2023-01-02 03:11:41
381,Adygeysk,44.88,39.19,48.02,81,0,13.42,RU,2023-01-02 03:11:41
382,Nishihara,26.1842,127.7558,65.86,59,75,11.5,JP,2023-01-02 03:11:42
383,Broken Hill,-31.95,141.4333,98.67,23,69,13.49,AU,2023-01-02 03:11:42
384,Abnub,27.2696,31.1511,51.62,84,0,5.7,EG,2023-01-02 03:11:43
385,Santa Cruz,-17.8,-63.1667,76.46,88,20,4.61,BO,2023-01-02 03:11:43
386,Usinsk,65.9939,57.5281,2.71,97,100,7.56,RU,2023-01-02 03:11:44
387,Raudeberg,61.9875,5.1352,34.86,69,97,9.64,NO,2023-01-02 03:11:45
388,Port Hedland,-20.3167,118.5667,93.25,52,100,10.36,AU,2023-01-02 03:11:45
389,Isla Mujeres,21.2311,-86.731,78.85,75,100,11.86,MX,2023-01-02 03:07:41
390,Hare Bay,48.8499,-54.0148,32.63,98,100,14.58,CA,2023-01-02 03:11:46
391,Passagem Franca,-6.1797,-43.7836,72.55,70,75,1.41,BR,2023-01-02 03:11:14
392,Sindor,62.8629,51.8905,20.95,96,100,7.05,RU,2023-01-02 03:11:47
393,Comodoro Rivadavia,-45.8667,-67.5,62.46,36,0,24.16,AR,2023-01-02 03:11:47
394,Caravelas,-17.7125,-39.2481,73.96,90,98,5.08,BR,2023-01-02 03:11:48
395,Torit,4.4133,32.5678,76.03,52,17,3.83,SS,2023-01-02 03:11:48
396,Ostrovnoy,68.0531,39.5131,21.45,93,100,14.41,RU,2023-01-02 03:11:49
397,Staraya Kulatka,52.7167,47.6167,36.7,100,100,16.11,RU,2023-01-02 03:11:50
398,Ajdabiya,30.7554,20.2263,53.91,75,0,8.05,LY,2023-01-02 03:11:51
399,Quang Ngai,15.1167,108.8,68.04,90,100,8.88,VN,2023-01-02 03:11:51
400,Tezu,27.9167,96.1667,66.72,39,16,2.15,IN,2023-01-02 03:11:51
401,Churapcha,62.0025,132.4325,-33.09,95,100,1.28,RU,2023-01-02 03:11:52
402,Imeni Poliny Osipenko,52.4201,136.4853,-15.56,81,22,3.47,RU,2023-01-02 03:11:53
403,Mayo,38.8876,-76.5119,51.15,89,100,3.44,US,2023-01-02 03:11:55
404,Baykit,61.67,96.37,-2.97,99,100,2.35,RU,2023-01-02 03:11:56
405,Palmer,42.1584,-72.3287,41.32,80,100,5.75,US,2023-01-02 03:09:18
406,Banda Aceh,5.5577,95.3222,80.73,71,58,10.94,ID,2023-01-02 03:11:56
407,Graaff-Reinet,-32.2522,24.5308,67.37,71,6,1.9,ZA,2023-01-02 03:11:57
408,Acobamba,-11.3525,-75.6594,54.39,89,100,2.21,PE,2023-01-02 03:11:57
409,Goderich,43.7501,-81.7165,38.91,93,86,11.97,CA,2023-01-02 03:12:58
410,Altea,38.5989,-0.0514,55.69,53,97,2.86,ES,2023-01-02 03:12:58
411,Ambilobe,-13.2,49.05,73.26,90,54,3.06,MG,2023-01-02 03:12:59
412,Yerbogachen,61.2767,108.0108,-17.05,89,46,5.97,RU,2023-01-02 03:12:59
413,Kitale,1.0157,35.0062,51.71,80,7,0.54,KE,2023-01-02 03:13:00
414,Provideniya,64.3833,-173.3,-1.26,78,0,11.97,RU,2023-01-02 03:13:00
415,Altamont,42.2068,-121.7372,29.77,85,0,1.99,US,2023-01-02 03:13:01
416,Dubrovka,53.6907,33.5071,42.58,85,99,15.55,RU,2023-01-02 03:13:01
417,Talmenka,53.8183,83.5677,10.81,97,100,5.44,RU,2023-01-02 03:13:02
418,Filingue,14.3521,3.3168,60.69,19,17,11.86,NE,2023-01-02 03:13:02
419,Biograd Na Moru,43.9433,15.4519,48.9,86,100,3.83,HR,2023-01-02 03:13:03
420,Farafangana,-22.8167,47.8333,74.82,83,100,4.23,MG,2023-01-02 03:13:04
421,Kodinsk,58.6881,99.1844,-8.16,90,100,3.29,RU,2023-01-02 03:13:04
422,Najran,17.4924,44.1277,57.54,70,99,2.39,SA,2023-01-02 03:10:43
423,Qandala,11.472,49.8728,74.39,75,16,10.02,SO,2023-01-02 03:13:05
424,Mukhen,48.1,136.1,-3.87,80,98,11.7,RU,2023-01-02 03:13:06
425,Bethel,41.3712,-73.414,44.96,73,100,3.44,US,2023-01-02 03:13:07
426,Fort Frances,48.5999,-93.4003,23.16,83,100,6.91,CA,2023-01-02 03:13:07
427,Leh,34.1667,77.5833,2.73,60,0,2.06,IN,2023-01-02 03:13:08
428,Powell,40.1578,-83.0752,50.31,95,100,3.0,US,2023-01-02 03:13:08
429,Dauphin,51.1494,-100.0502,6.46,90,6,7.94,CA,2023-01-02 03:11:42
430,Champerico,14.3,-91.9167,78.76,77,84,6.85,GT,2023-01-02 03:13:09
431,Inuvik,68.3499,-133.7218,-12.28,95,96,7.45,CA,2023-01-02 03:13:09
432,Itarema,-2.9248,-39.9167,79.02,82,100,11.25,BR,2023-01-02 03:13:10
433,Limulunga,-15.0969,23.1376,64.38,96,100,3.89,ZM,2023-01-02 03:13:10
434,Vardo,70.3705,31.1107,33.78,93,100,20.71,NO,2023-01-02 03:13:11
435,Progreso,21.2833,-89.6667,78.12,78,63,11.95,MX,2023-01-02 03:12:13
436,Cusset,46.13,3.4596,57.54,56,100,16.58,FR,2023-01-02 03:13:12
437,Oudtshoorn,-33.5907,22.2014,65.89,85,1,1.43,ZA,2023-01-02 03:13:12
438,Rabaul,-4.1967,152.1721,83.55,71,76,11.16,PG,2023-01-02 03:13:13
439,Pobe,6.9801,2.6649,67.6,47,19,0.98,BJ,2023-01-02 03:13:13
440,Klaksvik,62.2266,-6.589,29.32,51,82,8.46,FO,2023-01-02 03:13:14
441,Polovinnoye,54.7914,65.9864,4.41,97,72,8.97,RU,2023-01-02 03:13:14
442,Sao Filipe,14.8961,-24.4956,74.57,75,100,5.82,CV,2023-01-02 03:13:15
443,Wasilla,61.5814,-149.4394,35.58,67,20,14.97,US,2023-01-02 03:13:15
444,Kondinskoye,59.6481,67.41,-2.47,95,100,13.29,RU,2023-01-02 03:13:16
445,Bundaberg,-24.85,152.35,84.22,60,67,5.01,AU,2023-01-02 03:13:16
446,Qasigiannguit,68.8193,-51.1922,-3.75,93,97,6.38,GL,2023-01-02 03:13:17
447,Vievis,54.7667,24.8,43.36,85,100,9.35,LT,2023-01-02 03:13:17
448,Aguimes,27.9054,-15.4461,63.66,77,0,5.75,ES,2023-01-02 03:13:18
449,Saltpond,5.2091,-1.0606,74.5,72,3,4.38,GH,2023-01-02 03:13:19
450,Chicama,-7.8447,-79.1469,64.94,72,80,5.64,PE,2023-01-02 03:13:19
451,Mackay,-21.15,149.2,88.68,62,52,15.46,AU,2023-01-02 03:13:20
452,Bredy,52.4153,60.3411,10.4,97,89,7.63,RU,2023-01-02 03:13:20
453,Broome,42.2506,-75.833,44.2,83,100,5.75,US,2023-01-02 03:13:21
454,Kinshasa,-4.3246,15.3215,72.01,93,100,1.63,CD,2023-01-02 03:12:36
455,Mizdah,31.4451,12.9801,48.11,87,0,3.6,LY,2023-01-02 03:14:22
456,Ukiah,39.1502,-123.2078,48.11,87,0,1.99,US,2023-01-02 03:14:22
457,Kharan,28.5833,65.4167,46.38,39,0,9.1,PK,2023-01-02 03:14:23
458,Juneau,58.3019,-134.4197,42.22,92,100,24.16,US,2023-01-02 03:10:09
459,Mezen,65.8522,44.24,16.3,96,100,4.32,RU,2023-01-02 03:14:24
460,Kyra,49.5776,111.9753,-1.07,74,4,3.09,RU,2023-01-02 03:14:24
461,Victoria Point,-27.5833,153.3,86.43,59,37,15.52,AU,2023-01-02 03:14:25
462,Jalu,29.0331,21.5482,55.51,73,70,5.46,LY,2023-01-02 03:14:25
463,Curuca,-0.7289,-47.8481,74.05,92,79,2.73,BR,2023-01-02 03:14:26
464,Marawi,7.9986,124.2928,78.13,68,85,5.79,PH,2023-01-02 03:14:26
465,Vostok,46.4856,135.8833,-8.01,92,100,12.39,RU,2023-01-02 03:14:27
466,Ivaipora,-24.2478,-51.6847,67.42,85,0,3.47,BR,2023-01-02 03:14:27
467,Aquiraz,-3.9014,-38.3911,81.18,84,100,9.28,BR,2023-01-02 03:14:28
468,Omboue,-1.5746,9.2618,76.91,84,100,3.04,GA,2023-01-02 03:14:28
469,Mana,5.6592,-53.7767,75.58,90,100,5.84,GF,2023-01-02 03:14:29
470,Nhulunbuy,-12.2333,136.7667,83.01,78,40,11.5,AU,2023-01-02 03:14:29
471,Port-Cartier,50.0334,-66.8654,14.38,85,89,8.34,CA,2023-01-02 03:14:30
472,Varkaus,62.3153,27.873,23.31,88,7,10.58,FI,2023-01-02 03:14:30
473,Mullovka,54.2,49.4,35.42,100,100,11.25,RU,2023-01-02 03:14:31
474,Carndonagh,55.25,-7.2667,42.26,77,11,5.21,IE,2023-01-02 03:10:11
475,San Joaquin,37.9333,-121.3011,53.73,57,0,13.8,US,2023-01-02 03:14:32
476,Redlands,34.0556,-117.1825,51.3,92,54,2.82,US,2023-01-02 03:11:58
477,Peleduy,59.6289,112.7406,-14.39,92,99,6.35,RU,2023-01-02 03:14:32
478,Port Shepstone,-30.7414,30.455,66.34,86,15,8.23,ZA,2023-01-02 03:13:32
479,Upington,-28.4478,21.2561,77.79,45,21,16.13,ZA,2023-01-02 03:14:33
480,Gryazovets,58.88,40.2525,21.61,87,8,11.63,RU,2023-01-02 03:14:34
481,Hambantota,6.1241,81.1185,75.99,72,51,15.57,LK,2023-01-02 03:14:34
482,Gaozhou,21.9392,110.8461,63.7,54,98,2.71,CN,2023-01-02 03:14:34
483,Saurimo,-9.6608,20.3916,63.05,98,100,3.29,AO,2023-01-02 03:14:35
484,Cockburn Town,21.4612,-71.1419,78.04,76,0,16.44,TC,2023-01-02 03:14:35
485,Tahoua,14.8888,5.2692,57.31,24,0,13.35,NE,2023-01-02 03:14:36
486,Camopi,3.1655,-52.3158,71.35,100,98,1.88,GF,2023-01-02 03:14:36
487,Kontagora,10.3999,5.4695,64.56,28,60,7.07,NG,2023-01-02 03:14:37
488,Sajanan,37.0573,9.2426,51.84,39,94,8.81,TN,2023-01-02 03:14:38
489,San Miguel,13.4833,-88.1833,72.77,75,23,2.33,SV,2023-01-02 03:14:38
490,Tabuk,17.4189,121.4443,80.47,74,65,4.05,PH,2023-01-02 03:14:39
491,Mehamn,71.0357,27.8492,30.15,100,100,2.3,NO,2023-01-02 03:14:39
492,Holland,42.7875,-86.1089,38.43,96,100,0.0,US,2023-01-02 03:14:40
493,Moscow,55.7522,37.6156,36.14,83,99,14.61,RU,2023-01-02 03:14:40
494,Ourossogui,15.6064,-13.3211,72.18,10,16,11.72,SN,2023-01-02 03:14:41
495,Quzhou,28.9594,118.8686,47.5,75,100,6.67,CN,2023-01-02 03:14:41
496,Muros,42.7762,-9.0603,46.69,96,12,11.3,ES,2023-01-02 03:14:42
497,Libiaz,50.104,19.3157,45.99,86,100,2.35,PL,2023-01-02 03:14:42
498,Teguldet,57.3064,88.1667,10.69,93,98,7.76,RU,2023-01-02 03:14:43
499,Grindavik,63.8424,-22.4338,32.47,80,75,20.71,IS,2023-01-02 03:14:43
500,Nisporeni,47.0814,28.1783,41.22,81,12,3.98,MD,2023-01-02 03:14:44
501,Nampula,-15.1165,39.2666,68.45,98,96,2.98,MZ,2023-01-02 03:14:44
502,Qaqortoq,60.7167,-46.0333,-7.64,65,0,7.31,GL,2023-01-02 03:14:45
503,Kununurra,-15.7667,128.7333,84.18,74,75,17.27,AU,2023-01-02 03:15:45
504,Rawson,-43.3002,-65.1023,66.99,33,8,26.93,AR,2023-01-02 03:15:46
505,Sur,22.5667,59.5289,72.59,66,36,15.05,OM,2023-01-02 03:15:46
506,Kaspiyskiy,45.3929,47.3707,47.08,71,100,21.83,RU,2023-01-02 03:15:47
507,Aden,12.7794,45.0367,77.47,78,6,21.18,YE,2023-01-02 03:15:47
508,Arganil,40.2183,-8.054,44.91,85,84,3.58,PT,2023-01-02 03:15:48
509,Candelaria,13.9311,121.4233,83.39,70,35,9.69,PH,2023-01-02 03:15:49
510,Hastings,50.8552,0.5729,47.52,88,100,9.51,GB,2023-01-02 03:15:49
511,Lamu,-2.2717,40.902,75.42,82,4,9.37,KE,2023-01-02 03:15:50
512,Coahuayana,18.7333,-103.6833,71.13,83,0,2.68,MX,2023-01-02 03:15:50
513,Richards Bay,-28.783,32.0377,63.34,91,0,5.06,ZA,2023-01-02 03:15:51
514,Sobolevo,54.4299,31.8996,37.47,95,100,9.04,RU,2023-01-02 03:15:51
515,Baghdogra,26.7,88.3167,67.42,44,2,0.36,IN,2023-01-02 03:15:52
516,Petropavlovka,50.6114,105.3196,-11.52,94,50,2.71,RU,2023-01-02 03:15:52
517,Zhumadian,32.9794,114.0294,42.98,34,38,7.05,CN,2023-01-02 03:15:52
518,Kousseri,12.0769,15.0306,62.51,29,2,10.29,CM,2023-01-02 03:15:53
519,Bom Jesus Do Itabapoana,-21.1339,-41.6797,70.14,97,100,2.57,BR,2023-01-02 03:15:54
520,Xuddur,4.1213,43.8894,70.41,86,3,17.38,SO,2023-01-02 03:15:54
521,Cordele,31.9635,-83.7824,57.45,87,0,0.0,US,2023-01-02 03:15:55
522,Atkinson,42.8384,-71.147,42.01,76,75,10.36,US,2023-01-02 03:13:15
523,Chernaya Kholunitsa,58.8511,51.7154,30.07,98,100,5.68,RU,2023-01-02 03:15:55
524,Buala,-8.145,159.5921,83.37,80,87,10.94,SB,2023-01-02 03:15:57
525,Pochutla,15.7432,-96.4661,76.82,88,15,4.0,MX,2023-01-02 03:15:57
526,Santa Maria,-29.6842,-53.8069,71.87,86,97,10.27,BR,2023-01-02 03:12:01
527,Kahului,20.8947,-156.47,78.82,72,75,12.66,US,2023-01-02 03:15:58
528,Anchorage,61.2181,-149.9003,36.48,91,75,3.44,US,2023-01-02 03:15:58
529,Catuday,16.2923,119.8062,82.58,67,7,8.21,PH,2023-01-02 03:15:59
530,Zhezkazgan,47.8043,67.7144,22.98,93,100,15.66,KZ,2023-01-02 03:15:59
531,Tromso,69.6496,18.957,34.38,93,100,17.27,NO,2023-01-02 03:16:00
532,Ape,57.5393,26.6929,27.72,96,16,4.03,LV,2023-01-02 03:16:01
533,Voznesenye,61.0106,35.4781,27.19,86,100,20.29,RU,2023-01-02 03:16:02
534,Werda,-25.2667,23.2833,68.14,69,5,8.66,BW,2023-01-02 03:16:02
535,Luanda,-8.8368,13.2343,78.8,83,75,0.0,AO,2023-01-02 03:16:03
536,Paratinga,-12.6906,-43.1842,69.39,72,100,1.28,BR,2023-01-02 03:16:03
537,Ust-Karsk,52.7011,118.8077,-4.59,84,67,2.37,RU,2023-01-02 03:16:04
538,Peniche,39.3558,-9.3811,53.92,64,69,12.64,PT,2023-01-02 03:16:05
539,Berbera,10.4396,45.0143,77.0,80,29,16.67,SO,2023-01-02 03:16:05
540,Sambava,-14.2667,50.1667,74.35,84,19,3.51,MG,2023-01-02 03:16:06
541,Riyadh,24.6877,46.7219,51.94,65,100,4.7,SA,2023-01-02 03:16:06
542,Chiang Klang,19.2938,100.8617,75.92,50,2,0.6,TH,2023-01-02 03:16:07
543,Iaciara,-14.0958,-46.6317,68.41,88,75,2.53,BR,2023-01-02 03:16:07
544,Lasa,46.6166,10.7002,40.03,95,87,3.29,IT,2023-01-02 03:16:08
545,Harbour Breton,47.4833,-55.7983,37.04,89,100,17.92,CA,2023-01-02 03:16:08
546,Neepawa,50.2289,-99.4664,5.4,91,16,6.13,CA,2023-01-02 03:16:09
547,Egvekinot,66.3167,-179.1667,-18.24,90,27,13.67,RU,2023-01-02 03:16:10
548,Mahon,39.8885,4.2658,55.96,100,20,5.75,ES,2023-01-02 03:16:10
549,Mantua,45.1667,10.7833,49.24,91,80,2.01,IT,2023-01-02 03:17:12
550,Abu Samrah,35.3029,37.1841,43.7,67,100,6.02,SY,2023-01-02 03:17:12
551,Batagay-Alyta,67.8006,130.4114,-23.75,99,99,3.2,RU,2023-01-02 03:17:13
552,Boa Vista,2.8197,-60.6733,78.78,73,40,6.91,BR,2023-01-02 03:17:13
553,Polczyn-Zdroj,53.7642,16.0957,51.1,96,100,6.22,PL,2023-01-02 03:17:14
554,Bulalacao,12.3254,121.3435,82.44,73,99,18.37,PH,2023-01-02 03:17:14
555,Iralaya,15.0,-83.2333,77.18,85,6,11.5,HN,2023-01-02 03:17:15
556,Cabo Rojo,18.0866,-67.1457,74.68,71,1,1.99,PR,2023-01-02 03:17:16
557,Bonthe,7.5264,-12.505,76.28,80,2,0.63,SL,2023-01-02 03:17:16
558,Bath,51.3779,-2.3591,47.62,94,100,6.02,GB,2023-01-02 03:14:31
559,Kisesa,-3.0833,34.15,61.86,62,8,11.79,TZ,2023-01-02 03:17:17
560,Arti,56.4234,58.5328,22.59,87,100,13.94,RU,2023-01-02 03:17:18
561,Tuscaloosa,33.2098,-87.5692,62.04,87,0,3.44,US,2023-01-02 03:17:19
562,Lappeenranta,61.0587,28.1887,26.55,91,75,8.05,FI,2023-01-02 03:17:19
563,Padang,-0.9492,100.3543,82.45,72,93,2.62,ID,2023-01-02 03:17:20
564,Hot Springs,34.5037,-93.0552,64.54,94,100,6.91,US,2023-01-02 03:13:39
565,Baker City,44.7749,-117.8344,27.64,100,0,4.61,US,2023-01-02 03:16:26
566,Hukuntsi,-24.0,21.75,71.08,63,1,11.18,BW,2023-01-02 03:17:21
567,Pleasanton,37.6624,-121.8747,54.21,62,0,3.44,US,2023-01-02 03:16:58
568,Garowe,8.4054,48.4845,68.52,80,45,11.63,SO,2023-01-02 03:17:22
569,Alofi,-19.0595,-169.9187,80.49,89,95,12.66,NU,2023-01-02 03:17:22
