City_ID,City,Country,Date,Lat,Lng,Max Temp,Humidity,Cloudiness,Wind Speed
0,Padang,ID,2022-10-16 19:56:38,-0.9492,100.3543,75.83,88,100,2.89
1,Lagoa,PT,2022-10-16 19:59:32,39.05,-27.9833,66.45,58,95,25.26
2,Bethel,US,2022-10-16 19:59:32,41.3712,-73.414,65.1,55,46,1.01
3,Baglan,AF,2022-10-16 19:59:33,36.1307,68.7083,64.63,19,0,1.21
4,Hermanus,ZA,2022-10-16 19:59:33,-34.4187,19.2345,62.8,88,5,6.98
5,Punta Arenas,CL,2022-10-16 19:59:34,-53.15,-70.9167,60.91,33,0,25.32
6,Halifax,CA,2022-10-16 19:57:57,44.6453,-63.5724,67.33,87,100,1.99
7,Road Town,VG,2022-10-16 19:55:14,18.4167,-64.6167,84.24,79,40,3.44
8,Ternate,ID,2022-10-16 19:59:34,0.8,127.4,81.34,79,100,4.07
9,Jamalpur,BD,2022-10-16 19:59:35,24.9167,89.9333,73.18,86,3,8.03
10,Hamilton,US,2022-10-16 19:59:36,39.1834,-84.5333,73.78,34,14,5.99
11,Esperance,AU,2022-10-16 19:59:36,-33.8667,121.9,58.17,80,100,19.64
12,Lebu,CL,2022-10-16 19:59:37,-37.6167,-73.65,54.63,81,87,13.82
13,Uzhur,RU,2022-10-16 19:59:37,55.3036,89.8339,33.57,62,60,5.66
14,Poum,NC,2022-10-16 19:59:38,-20.2333,164.0167,74.64,69,10,12.55
15,Guerrero Negro,MX,2022-10-16 19:59:38,27.9769,-114.0611,75.24,52,5,13.94
16,Thompson,CA,2022-10-16 19:59:39,55.7435,-97.8558,28.56,59,20,12.66
17,San Matias,BO,2022-10-16 19:59:39,-16.3667,-58.4,95.85,33,21,5.14
18,Tasiilaq,GL,2022-10-16 19:59:40,65.6145,-37.6368,17.82,59,63,6.85
19,Lasa,IT,2022-10-16 19:59:40,46.6166,10.7002,52.36,92,25,2.26
20,Kavieng,PG,2022-10-16 19:59:41,-2.5744,150.7967,81.73,77,100,10.96
21,Avarua,CK,2022-10-16 19:59:41,-21.2078,-159.775,78.85,65,75,9.22
22,Churapcha,RU,2022-10-16 19:59:42,62.0025,132.4325,20.8,96,99,6.44
23,Angoche,MZ,2022-10-16 19:59:42,-16.2325,39.9086,74.35,82,0,7.09
24,Chokurdakh,RU,2022-10-16 19:59:43,70.6333,147.9167,13.21,85,99,11.54
25,Kars,TR,2022-10-16 19:59:43,40.602,43.095,49.95,74,89,2.62
26,Bontang,ID,2022-10-16 19:59:44,0.1333,117.5,76.84,89,97,4.61
27,Jamestown,US,2022-10-16 19:59:45,42.097,-79.2353,63.52,31,53,1.01
28,Dos Hermanas,ES,2022-10-16 19:55:32,37.2829,-5.9209,78.57,55,100,8.05
29,Bulawayo,ZW,2022-10-16 19:59:45,-20.15,28.5833,71.55,40,91,12.48
30,Dikson,RU,2022-10-16 19:59:46,73.5069,80.5464,29.05,89,100,7.9
31,Cape Town,ZA,2022-10-16 19:59:46,-33.9258,18.4232,68.27,75,20,5.99
32,Busselton,AU,2022-10-16 19:59:47,-33.65,115.3333,53.17,81,57,8.84
33,Tongchuan,CN,2022-10-16 19:59:47,35.0806,109.0897,55.31,35,97,5.68
34,Chapais,CA,2022-10-16 19:59:48,49.7834,-74.8492,44.38,69,100,7.2
35,Qasigiannguit,GL,2022-10-16 19:59:48,68.8193,-51.1922,34.57,80,100,4.0
36,Shimoda,JP,2022-10-16 19:56:37,34.6667,138.95,67.1,90,100,3.94
37,Carbonia,IT,2022-10-16 19:59:49,39.1672,8.5222,68.65,77,0,7.0
38,Yeppoon,AU,2022-10-16 19:59:49,-23.1333,150.7333,67.78,86,100,4.07
39,Hithadhoo,MV,2022-10-16 19:59:50,-0.6,73.0833,81.0,67,100,10.38
40,Pisco,PE,2022-10-16 19:54:56,-13.7,-76.2167,68.05,64,0,17.27
41,Holstebro,DK,2022-10-16 19:59:51,56.3601,8.6161,55.0,79,8,15.05
42,Samarai,PG,2022-10-16 19:59:51,-10.6167,150.6667,80.71,80,60,12.41
43,Boyolangu,ID,2022-10-16 19:59:52,-8.1181,111.8935,75.61,90,99,5.86
44,Leh,IN,2022-10-16 19:55:32,34.1667,77.5833,40.6,36,2,5.7
45,Faanui,PF,2022-10-16 19:59:52,-16.4833,-151.75,78.94,66,11,15.46
46,Nikolskoye,RU,2022-10-16 19:59:53,59.7035,30.7861,51.69,85,100,11.92
47,Butaritari,KI,2022-10-16 20:00:53,3.0707,172.7902,81.68,70,43,17.92
48,Dwarka,IN,2022-10-16 20:00:54,22.2394,68.9678,82.4,63,100,7.7
49,Chingirlau,KZ,2022-10-16 20:00:55,51.095,54.0814,45.54,67,100,5.48
50,Codrington,AU,2022-10-16 20:00:55,-38.2667,141.9667,40.1,90,15,4.29
51,Port Alfred,ZA,2022-10-16 20:00:56,-33.5906,26.891,66.18,91,100,1.99
52,Tommot,RU,2022-10-16 20:00:58,58.9564,126.2925,23.56,96,100,4.61
53,Ponta Delgada,PT,2022-10-16 20:00:59,37.7333,-25.6667,66.51,59,20,9.22
54,Qaanaaq,GL,2022-10-16 20:01:00,77.484,-69.3632,25.3,92,96,5.88
55,Brodokalmak,RU,2022-10-16 20:01:00,55.5748,62.082,41.9,77,27,10.74
56,White Rock,CA,2022-10-16 19:56:18,49.0164,-122.8026,80.19,44,5,1.14
57,Columbus,US,2022-10-16 20:01:02,39.9612,-82.9988,71.67,34,40,14.97
58,Tuktoyaktuk,CA,2022-10-16 20:01:03,69.4541,-133.0374,25.95,79,100,24.09
59,Buta,CD,2022-10-16 20:01:03,2.7858,24.73,68.67,98,100,0.65
60,Bredasdorp,ZA,2022-10-16 20:01:04,-34.5322,20.0403,62.71,87,19,7.43
61,Avera,US,2022-10-16 20:01:06,33.194,-82.5271,84.38,26,14,7.11
62,Sorland,NO,2022-10-16 19:57:17,67.667,12.6934,44.46,76,89,9.64
63,Petropavlovsk-Kamchatskiy,RU,2022-10-16 20:01:07,53.0452,158.6483,27.19,74,0,8.95
64,Miramar,US,2022-10-16 20:01:09,25.9873,-80.2323,87.01,68,40,13.8
65,Ribeira Grande,PT,2022-10-16 20:01:10,38.5167,-28.7,66.6,63,40,16.11
66,Rikitea,PF,2022-10-16 20:01:12,-23.1203,-134.9692,68.45,63,99,20.02
67,Hilo,US,2022-10-16 20:01:13,19.7297,-155.09,83.25,86,9,3.0
68,Nouakchott,MR,2022-10-16 20:01:14,18.0858,-15.9785,78.73,66,1,17.29
69,Dejen,ET,2022-10-16 20:01:14,10.1667,38.1333,55.62,65,41,3.96
70,Lompoc,US,2022-10-16 20:01:15,34.6391,-120.4579,75.69,75,0,8.05
71,Port Hedland,AU,2022-10-16 20:01:16,-20.3167,118.5667,69.85,83,0,9.22
72,Little Current,CA,2022-10-16 19:56:38,45.9793,-81.9248,47.41,67,98,9.15
73,Bluff,NZ,2022-10-16 20:01:16,-46.6,168.3333,51.19,68,71,17.54
74,Zhanaozen,KZ,2022-10-16 20:01:17,43.3,52.8,56.32,39,100,15.84
75,Biggar,GB,2022-10-16 20:01:18,55.6167,-3.5167,46.69,92,100,4.94
76,Coihaique,CL,2022-10-16 20:01:19,-45.5752,-72.0662,65.46,44,69,3.74
77,Ushuaia,AR,2022-10-16 20:00:42,-54.8,-68.3,50.23,58,92,4.76
78,Tiznit,MA,2022-10-16 20:01:20,29.5833,-9.5,77.99,39,0,18.21
79,Yulara,AU,2022-10-16 19:59:01,-25.2406,130.9889,67.87,62,5,7.83
80,Caibarien,CU,2022-10-16 20:00:56,22.5206,-79.4669,83.64,72,7,10.71
81,New Norfolk,AU,2022-10-16 20:01:21,-42.7826,147.0587,46.92,82,99,1.19
82,Tiksi,RU,2022-10-16 20:01:21,71.6872,128.8694,17.69,89,99,18.61
83,Albany,US,2022-10-16 20:01:16,42.6001,-73.9662,62.64,57,62,1.01
84,Abilene,US,2022-10-16 20:00:17,32.4487,-99.7331,72.77,82,100,9.22
85,Kudahuvadhoo,MV,2022-10-16 20:01:23,2.6708,72.8944,81.21,76,100,17.02
86,Kabare,CD,2022-10-16 20:01:23,-2.4683,28.8242,63.09,91,100,2.33
87,Mataura,NZ,2022-10-16 20:01:24,-46.1927,168.8643,48.58,77,75,3.98
88,Dong Hoi,VN,2022-10-16 19:58:33,17.4833,106.6,70.77,69,100,7.0
89,Jalu,LY,2022-10-16 20:01:25,29.0331,21.5482,72.75,44,2,8.41
90,Bengkulu,ID,2022-10-16 20:01:25,-3.8004,102.2655,75.4,90,100,3.15
91,Oranjestad,AW,2022-10-16 20:02:26,12.524,-70.027,86.92,72,24,7.0
92,Maasbree,NL,2022-10-16 20:02:26,51.3575,6.0486,60.49,94,99,7.27
93,Gerash,IR,2022-10-16 20:02:27,27.6652,54.1371,74.64,20,0,2.98
94,Anloga,GH,2022-10-16 20:02:28,5.7947,0.8973,79.7,79,75,6.69
95,Hanover,DE,2022-10-16 20:01:50,52.3705,9.7332,58.06,90,0,3.44
96,Vaini,TO,2022-10-16 20:02:29,-21.2,-175.2,76.44,82,78,11.88
97,Rio Gallegos,AR,2022-10-16 20:02:30,-51.6226,-69.2181,66.15,25,33,7.87
98,Mahajanga,MG,2022-10-16 20:02:30,-15.7167,46.3167,75.22,78,0,4.61
99,Cayenne,GF,2022-10-16 19:58:29,4.9333,-52.3333,89.64,58,0,10.36
100,Guanica,PR,2022-10-16 20:02:03,17.9716,-66.908,87.13,76,29,7.47
101,Upernavik,GL,2022-10-16 20:02:31,72.7868,-56.1549,33.57,99,100,9.37
102,Umm Lajj,SA,2022-10-16 20:02:32,25.0213,37.2685,84.11,52,8,7.47
103,Saint-Esteve,FR,2022-10-16 20:02:33,42.7131,2.843,71.82,79,0,2.3
104,Saint-Philippe,RE,2022-10-16 20:02:33,-21.3585,55.7679,69.39,83,11,5.75
105,Puerto Ayora,EC,2022-10-16 20:02:34,-0.7393,-90.3518,69.55,86,85,5.01
106,Ekibastuz,KZ,2022-10-16 20:02:34,51.6667,75.3667,50.76,52,100,9.78
107,Broome,US,2022-10-16 20:02:35,42.2506,-75.833,65.66,46,0,10.36
108,Sao Joao Da Barra,BR,2022-10-16 20:02:35,-21.6403,-41.0511,73.58,76,69,13.11
109,Linfen,CN,2022-10-16 20:02:36,36.0889,111.5189,57.69,26,0,2.28
110,Ponta Do Sol,PT,2022-10-16 20:02:37,32.6667,-17.1,72.72,76,58,1.19
111,Kaitangata,NZ,2022-10-16 20:02:37,-46.2817,169.8464,51.01,63,50,7.87
112,Barrow,US,2022-10-16 20:02:38,71.2906,-156.7887,28.42,80,100,21.85
113,Vila Franca Do Campo,PT,2022-10-16 20:02:38,37.7167,-25.4333,66.2,60,92,8.08
114,Quatre Cocos,MU,2022-10-16 20:02:39,-20.2078,57.7625,68.09,80,11,7.92
115,Castro,BR,2022-10-16 20:00:29,-24.7911,-50.0119,62.4,94,92,3.49
116,Ancud,CL,2022-10-16 20:02:40,-41.8697,-73.8203,63.23,71,91,4.54
117,Hofn,IS,2022-10-16 20:02:40,64.2539,-15.2082,42.98,77,11,19.62
118,Airai,TL,2022-10-16 20:02:41,-8.9266,125.4092,60.8,69,65,2.28
119,Katsuura,JP,2022-10-16 20:02:41,35.1333,140.3,68.02,89,100,5.55
120,Georgetown,MY,2022-10-16 20:00:26,5.4112,100.3354,76.95,90,20,0.0
121,Vardo,NO,2022-10-16 20:02:42,70.3705,31.1107,42.78,87,75,14.97
122,Port Elizabeth,ZA,2022-10-16 19:59:49,-33.918,25.5701,71.1,96,0,6.91
123,Port-Cartier,CA,2022-10-16 20:02:43,50.0334,-66.8654,48.74,93,86,4.45
124,Saint-Augustin,CA,2022-10-16 20:02:43,51.226,-58.6502,53.82,68,100,7.07
125,Mount Pleasant,US,2022-10-16 19:59:16,32.7941,-79.8626,86.0,47,0,8.05
126,Saint George,US,2022-10-16 20:00:53,37.1041,-113.5841,78.8,28,0,5.75
127,Bandarbeyla,SO,2022-10-16 20:02:44,9.4942,50.8122,77.16,86,4,4.34
128,Atuona,PF,2022-10-16 20:02:45,-9.8,-139.0333,76.37,73,5,11.01
129,Sisimiut,GL,2022-10-16 20:02:46,66.9395,-53.6735,38.53,61,100,11.21
130,Yellowknife,CA,2022-10-16 20:01:34,62.456,-114.3525,30.72,93,75,16.11
131,Constitucion,CL,2022-10-16 20:02:46,-35.3333,-72.4167,59.79,69,59,18.32
132,Torbay,CA,2022-10-16 20:02:47,47.6666,-52.7314,53.28,86,100,5.99
133,Anse-Bertrand,GP,2022-10-16 20:02:47,16.4721,-61.5078,85.82,100,7,9.24
134,Biltine,TD,2022-10-16 20:03:48,14.5333,20.9167,87.67,18,38,8.46
135,Denpasar,ID,2022-10-16 20:03:32,-8.65,115.2167,82.06,88,40,14.97
136,Henties Bay,NA,2022-10-16 20:03:48,-22.116,14.2845,59.76,86,24,4.12
137,Herat,AF,2022-10-16 20:00:30,34.5,62.0,64.72,18,0,9.15
138,Nanortalik,GL,2022-10-16 20:03:49,60.1432,-45.2371,35.13,74,4,9.82
139,Bella Union,UY,2022-10-16 20:03:50,-30.2752,-57.6007,73.85,45,0,12.28
140,Oktyabrskiy,RU,2022-10-16 20:03:50,54.4815,53.471,42.55,79,98,3.78
141,Saskylakh,RU,2022-10-16 20:03:51,71.9167,114.0833,16.43,92,73,17.38
142,Vilhena,BR,2022-10-16 20:00:23,-12.7406,-60.1458,70.66,90,81,7.36
143,Te Anau,NZ,2022-10-16 20:03:51,-45.4167,167.7167,47.17,71,21,2.62
144,Tubuala,PA,2022-10-16 20:03:52,9.5167,-79.0333,82.24,78,57,3.24
145,Zemio,CF,2022-10-16 20:03:52,5.0314,25.1361,69.22,97,100,3.51
146,Terrace,CA,2022-10-16 20:01:42,54.5163,-128.6035,67.39,64,9,0.49
147,Cabo San Lucas,MX,2022-10-16 20:00:03,22.8909,-109.9124,89.62,61,20,9.48
148,Port-Gentil,GA,2022-10-16 20:03:53,-0.7193,8.7815,78.76,94,75,5.75
149,La Seyne-Sur-Mer,FR,2022-10-16 20:03:54,43.0982,5.8847,69.89,86,5,5.01
150,Bose,IT,2022-10-16 20:03:54,45.4612,8.0137,63.99,84,57,4.07
151,Touros,BR,2022-10-16 20:03:55,-5.1989,-35.4608,78.46,75,6,18.16
152,Maarianhamina,AX,2022-10-16 20:03:55,60.0973,19.9348,49.86,87,75,12.66
153,Tuatapere,NZ,2022-10-16 20:03:56,-46.1333,167.6833,47.53,77,46,3.13
154,Surt,LY,2022-10-16 20:03:56,31.2089,16.5887,73.89,60,86,9.31
155,Freeport,US,2022-10-16 20:00:05,40.6576,-73.5832,69.39,51,81,3.0
156,Norman Wells,CA,2022-10-16 20:03:57,65.282,-126.8329,32.32,83,100,7.74
157,Coos Bay,US,2022-10-16 19:59:49,43.3665,-124.2179,66.15,100,7,1.01
158,Tabou,CI,2022-10-16 20:03:58,4.423,-7.3528,76.48,84,93,5.46
159,Sanpaul,RO,2022-10-16 20:03:58,46.45,24.35,45.05,100,1,5.75
160,Mizdah,LY,2022-10-16 20:03:59,31.4451,12.9801,67.21,68,100,9.51
161,Mahebourg,MU,2022-10-16 20:04:00,-20.4081,57.7,68.25,79,13,7.0
162,Los Llanos De Aridane,ES,2022-10-16 20:04:00,28.6585,-17.9182,67.75,90,20,4.61
163,Grindavik,IS,2022-10-16 20:04:01,63.8424,-22.4338,39.67,75,20,24.16
164,Labuhan,ID,2022-10-16 20:04:02,-6.8844,112.2051,78.84,80,98,12.91
165,Iqaluit,CA,2022-10-16 20:04:02,63.7506,-68.5145,34.7,100,100,20.0
166,North Bend,US,2022-10-16 20:00:47,43.4065,-124.2243,66.07,100,10,1.01
167,Noumea,NC,2022-10-16 20:04:04,-22.2763,166.4572,73.0,99,1,4.18
168,Kutum,SD,2022-10-16 20:04:04,14.2,24.6667,78.71,19,6,15.19
169,Saint-Leu,RE,2022-10-16 20:04:05,-21.15,55.2833,68.86,80,64,5.1
170,Rawson,AR,2022-10-16 20:04:05,-43.3002,-65.1023,51.89,73,43,15.23
171,Thunder Bay,CA,2022-10-16 20:02:25,48.4001,-89.3168,42.31,79,100,10.71
172,Karlshamn,SE,2022-10-16 20:04:06,56.1706,14.8619,54.09,72,0,15.61
173,Kapaa,US,2022-10-16 20:04:07,22.0752,-159.319,82.09,66,100,9.22
174,Hobart,AU,2022-10-16 20:00:06,-42.8794,147.3294,47.26,85,75,4.61
175,San Francisco,US,2022-10-16 20:00:05,37.7749,-122.4194,67.68,77,100,8.05
176,Chapleau,CA,2022-10-16 20:00:47,47.8405,-83.4034,40.14,76,100,1.57
177,Hambantota,LK,2022-10-16 20:04:09,6.1241,81.1185,78.08,80,75,11.83
178,Salalah,OM,2022-10-16 20:02:37,17.0151,54.0924,76.39,73,69,2.71
179,Mahanoro,MG,2022-10-16 20:04:10,-19.9,48.8,66.09,89,2,5.08
180,Kathu,TH,2022-10-16 20:04:10,7.9178,98.3332,79.7,99,100,22.75
181,Haines Junction,CA,2022-10-16 20:05:11,60.7522,-137.5108,42.44,100,100,4.5
182,Ocampo,MX,2022-10-16 20:05:11,21.65,-101.5,76.17,23,5,3.44
183,Sussex,US,2022-10-16 20:04:18,41.1834,-74.6663,66.65,49,75,4.61
184,Roald,NO,2022-10-16 20:05:12,62.5833,6.1333,51.75,87,75,3.44
185,Pontevel,PT,2022-10-16 20:05:13,39.1494,-8.8388,66.96,87,100,6.02
186,Luena,AO,2022-10-16 20:05:14,-11.7833,19.9167,71.29,42,65,5.32
187,Kodiak,US,2022-10-16 20:05:15,57.79,-152.4072,51.31,76,100,10.36
188,Verkhoyansk,RU,2022-10-16 20:05:15,67.5447,133.385,16.2,96,100,1.48
189,Ilulissat,GL,2022-10-16 20:05:16,69.2167,-51.1,35.62,69,75,2.3
190,La Ligua,CL,2022-10-16 20:05:16,-32.4524,-71.2311,67.42,59,33,9.1
191,Buala,SB,2022-10-16 20:05:17,-8.145,159.5921,80.13,80,59,4.45
192,Ambon,ID,2022-10-16 20:05:18,-3.6954,128.1814,77.14,94,40,5.75
193,Kawalu,ID,2022-10-16 20:05:18,-7.3817,108.2082,71.71,96,99,2.21
194,Mar Del Plata,AR,2022-10-16 20:05:19,-38.0023,-57.5575,59.95,83,0,9.22
195,Mannarakkat,IN,2022-10-16 20:05:19,10.9833,76.4667,74.82,97,100,0.45
196,Vostok,RU,2022-10-16 20:05:20,46.4856,135.8833,30.06,90,31,4.05
197,Kruisfontein,ZA,2022-10-16 20:05:20,-34.0033,24.7314,68.88,74,100,11.05
198,Xining,CN,2022-10-16 20:05:21,36.6167,101.7667,38.89,55,1,1.68
199,Kununurra,AU,2022-10-16 20:05:22,-15.7667,128.7333,78.78,73,100,2.3
200,Talara,PE,2022-10-16 20:05:22,-4.5772,-81.2719,66.29,78,68,21.09
201,Pevek,RU,2022-10-16 20:05:23,69.7008,170.3133,7.47,97,94,4.45
202,Ratnagiri,IN,2022-10-16 20:05:24,16.9833,73.3,78.75,84,100,4.36
203,Grand Gaube,MU,2022-10-16 20:05:24,-20.0064,57.6608,68.38,76,4,5.01
204,Flin Flon,CA,2022-10-16 20:05:25,54.7682,-101.865,34.25,34,71,4.81
205,Byron Bay,AU,2022-10-16 20:02:50,-28.65,153.6167,61.95,82,89,4.61
206,Hobyo,SO,2022-10-16 20:05:26,5.3505,48.5268,78.12,85,72,14.16
207,Delijan,IR,2022-10-16 20:05:27,33.9905,50.6838,69.58,17,32,3.15
208,Misratah,LY,2022-10-16 20:05:27,32.3754,15.0925,74.19,59,22,10.63
209,Southampton,GB,2022-10-16 20:05:16,50.904,-1.4043,61.86,95,75,8.99
210,Mandalgovi,MN,2022-10-16 20:05:28,45.7625,106.2708,25.72,40,0,7.4
211,Agadez,NE,2022-10-16 20:05:29,19.75,10.25,81.97,21,0,10.2
212,Levelland,US,2022-10-16 20:05:30,33.5873,-102.378,54.19,73,100,17.72
213,Batagay-Alyta,RU,2022-10-16 20:05:31,67.8006,130.4114,13.42,82,100,5.66
214,Valparaiso,CL,2022-10-16 20:05:31,-33.0393,-71.6273,66.43,86,0,18.41
215,Kenai,US,2022-10-16 20:02:19,60.5544,-151.2583,42.15,95,40,0.0
216,Arraial Do Cabo,BR,2022-10-16 20:05:32,-22.9661,-42.0278,75.06,69,75,23.02
217,San Patricio,US,2022-10-16 20:05:33,28.017,-97.5169,95.09,45,29,12.68
218,East London,ZA,2022-10-16 20:05:33,-33.0153,27.9116,67.26,89,100,17.49
219,Toora-Khem,RU,2022-10-16 20:05:33,52.4675,96.11,23.79,54,11,2.08
220,Gweru,ZW,2022-10-16 20:05:34,-19.45,29.8167,69.24,41,31,10.58
221,Saldanha,ZA,2022-10-16 20:05:34,-33.0117,17.9442,61.43,91,0,4.72
222,Baykit,RU,2022-10-16 20:05:35,61.67,96.37,29.08,83,100,3.06
223,Ostrovnoy,RU,2022-10-16 20:05:35,68.0531,39.5131,46.72,92,100,21.47
224,Magadan,RU,2022-10-16 20:05:36,59.5667,150.8,19.09,71,72,10.42
225,Caravelas,BR,2022-10-16 20:05:36,-17.7125,-39.2481,75.88,71,5,7.14
226,Macaparana,BR,2022-10-16 20:03:55,-7.5547,-35.4531,76.73,62,51,16.2
227,Ketchikan,US,2022-10-16 20:06:09,55.3422,-131.6461,61.27,82,0,10.36
228,Sabaudia,IT,2022-10-16 20:06:37,41.3003,13.0282,69.48,94,0,4.43
229,Port Lincoln,AU,2022-10-16 20:06:38,-34.7333,135.8667,56.34,85,76,14.16
230,Muros,ES,2022-10-16 20:06:38,42.7762,-9.0603,62.17,92,100,11.23
231,The Valley,AI,2022-10-16 20:06:39,18.217,-63.0578,86.09,74,20,8.05
232,Santa Maria,BR,2022-10-16 20:03:36,-29.6842,-53.8069,72.45,64,55,6.87
233,Great Yarmouth,GB,2022-10-16 20:06:40,52.6083,1.7305,60.03,90,100,14.88
234,Itaituba,BR,2022-10-16 20:06:40,-4.2761,-55.9836,88.84,53,96,2.26
235,Ayolas,PY,2022-10-16 20:05:26,-27.4,-56.9,79.7,53,78,9.53
236,Carnarvon,AU,2022-10-16 20:06:41,-24.8667,113.6333,65.5,60,46,21.43
237,Port Hardy,CA,2022-10-16 20:06:42,50.6996,-127.4199,63.63,60,0,5.53
238,Aberdeen,GB,2022-10-16 20:06:18,57.1437,-2.0981,45.09,76,100,3.44
239,Eenhana,NA,2022-10-16 20:06:43,-17.4667,16.3333,68.22,68,100,8.25
240,Mbandaka,CD,2022-10-16 20:06:43,0.0487,18.2603,72.93,87,41,3.13
241,Kandrian,PG,2022-10-16 20:06:44,-6.2167,149.55,77.07,88,100,3.18
242,Tacoronte,ES,2022-10-16 20:06:44,28.4769,-16.4102,66.4,92,40,5.75
243,Makinsk,KZ,2022-10-16 20:06:45,52.6292,70.4169,39.61,86,93,13.35
244,Puerto Escondido,MX,2022-10-16 20:06:45,15.85,-97.0667,88.63,55,40,5.75
245,Tanhacu,BR,2022-10-16 20:06:46,-14.0214,-41.2481,80.29,47,99,7.05
246,Sabang,ID,2022-10-16 20:06:46,5.8933,95.3214,80.65,76,100,19.6
247,East Wenatchee Bench,US,2022-10-16 20:06:47,47.4257,-120.2812,83.59,42,0,0.0
248,Lavrentiya,RU,2022-10-16 20:06:47,65.5833,-171.0,30.18,80,100,21.45
249,Baneh,IR,2022-10-16 20:06:48,35.9975,45.8853,59.36,28,37,3.74
250,Kysyl-Syr,RU,2022-10-16 20:06:48,63.8986,122.7617,28.92,97,100,5.91
251,Vestmannaeyjar,IS,2022-10-16 20:06:49,63.4427,-20.2734,40.03,67,30,11.92
252,Severo-Kurilsk,RU,2022-10-16 20:06:50,50.6789,156.125,42.28,71,100,9.46
253,Kavaratti,IN,2022-10-16 20:06:50,10.5669,72.642,80.62,78,100,3.38
254,Olinda,BR,2022-10-16 20:06:52,-8.0089,-34.8553,80.33,69,75,12.66
255,Dakar,SN,2022-10-16 20:06:45,14.6937,-17.4441,81.27,73,0,15.88
256,Cockburn Town,TC,2022-10-16 20:06:52,21.4612,-71.1419,81.84,70,66,3.04
257,Bandiagara,ML,2022-10-16 20:06:53,14.3501,-3.6104,89.13,34,96,4.07
258,Bac Lieu,VN,2022-10-16 20:06:53,9.285,105.7244,75.45,91,86,6.76
259,Ciechanow,PL,2022-10-16 20:06:54,52.8814,20.62,60.42,92,97,8.19
260,Clinton,US,2022-10-16 20:06:54,42.587,-82.9199,60.94,58,100,8.05
261,Corn Island,NI,2022-10-16 20:06:55,12.1694,-83.0418,82.2,79,100,12.28
262,Besancon,FR,2022-10-16 20:06:55,47.2488,6.0182,64.15,90,66,4.03
263,Praia Da Vitoria,PT,2022-10-16 20:06:56,38.7333,-27.0667,65.75,68,58,12.01
264,Karratha,AU,2022-10-16 20:06:56,-20.7377,116.8463,72.48,41,1,14.85
265,Batagay,RU,2022-10-16 20:06:57,67.6333,134.6333,15.62,96,100,2.15
266,Staraya Toropa,RU,2022-10-16 20:06:57,56.2801,31.6702,46.78,69,97,13.27
267,Chernyshevskiy,RU,2022-10-16 20:06:58,63.0128,112.4714,27.21,94,89,8.23
268,Fenyi,CN,2022-10-16 20:06:58,27.8112,114.6681,59.77,64,35,2.95
269,Berlevag,NO,2022-10-16 20:06:59,70.8578,29.0864,44.6,87,75,8.05
270,Grand-Santi,GF,2022-10-16 20:06:59,4.25,-54.3833,94.12,37,66,2.59
271,Nioro,GM,2022-10-16 20:07:00,13.35,-15.75,81.55,68,21,4.03
272,Tazmalt,DZ,2022-10-16 20:08:01,36.3868,4.3989,76.95,51,74,1.59
273,Gandajika,CD,2022-10-16 20:08:01,-6.75,23.95,67.15,96,100,2.06
274,Yining,CN,2022-10-16 20:08:02,29.0361,114.5636,58.64,69,1,2.59
275,Axim,GH,2022-10-16 20:08:02,4.8699,-2.2405,77.45,86,100,6.8
276,Kenora,CA,2022-10-16 20:08:03,49.8167,-94.4337,32.77,77,100,18.99
277,Sur,OM,2022-10-16 20:08:04,22.5667,59.5289,79.66,43,99,7.11
278,Grand-Lahou,CI,2022-10-16 20:08:04,5.1367,-5.0242,76.8,87,31,6.13
279,Prescott,US,2022-10-16 20:05:59,34.54,-112.4685,65.97,51,75,1.99
280,Lima,PE,2022-10-16 20:08:05,-12.0432,-77.0282,61.05,72,75,17.27
281,Campos Novos,BR,2022-10-16 20:06:37,-27.4017,-51.225,64.11,94,18,4.7
282,Provideniya,RU,2022-10-16 20:08:06,64.3833,-173.3,25.7,78,100,8.05
283,Mitha Tiwana,PK,2022-10-16 20:08:06,32.2486,72.1108,75.94,22,0,6.67
284,Wagga Wagga,AU,2022-10-16 20:08:07,-35.1167,147.3667,42.85,91,4,2.33
285,Olafsvik,IS,2022-10-16 20:08:08,64.8945,-23.7142,37.11,75,48,20.49
286,Poya,NC,2022-10-16 20:08:09,-21.35,165.15,72.14,72,17,4.76
287,Shreveport,US,2022-10-16 20:08:05,32.5251,-93.7502,73.69,84,0,9.22
288,A Coruna,ES,2022-10-16 20:08:10,43.3713,-8.396,63.32,85,75,13.8
289,Cherskiy,RU,2022-10-16 20:08:10,68.75,161.3,4.77,97,98,6.93
290,Coquimbo,CL,2022-10-16 20:03:15,-29.9533,-71.3436,60.53,72,40,10.36
291,Acajutla,SV,2022-10-16 20:08:11,13.5928,-89.8275,82.96,80,89,7.9
292,Svetlogorsk,BY,2022-10-16 20:05:44,52.6333,29.7333,45.43,62,100,12.33
293,Hokota,JP,2022-10-16 20:08:12,36.15,140.5167,67.21,84,100,1.63
294,Champerico,GT,2022-10-16 20:08:13,14.3,-91.9167,83.41,77,92,6.64
295,Geraldton,AU,2022-10-16 20:08:13,-28.7667,114.6,57.61,88,75,1.14
296,Dhone,IN,2022-10-16 20:08:14,15.4167,77.8833,73.17,94,100,9.48
297,Sambava,MG,2022-10-16 20:08:14,-14.2667,50.1667,70.95,77,24,9.08
298,Tupik,RU,2022-10-16 20:08:15,54.4253,119.9327,23.31,73,65,2.35
299,Lamu,KE,2022-10-16 20:08:15,-2.2717,40.902,77.22,86,86,10.94
300,Ngawi,ID,2022-10-16 20:08:16,-7.4038,111.4461,76.66,83,98,6.53
301,Puerto Ayacucho,VE,2022-10-16 20:08:17,5.6639,-67.6236,81.16,84,99,8.68
302,Marsa Matruh,EG,2022-10-16 20:08:17,31.3525,27.2453,72.14,73,59,19.66
303,Boundiali,CI,2022-10-16 20:08:18,9.5217,-6.4869,74.1,87,59,3.13
304,Nishihara,JP,2022-10-16 20:08:18,26.1842,127.7558,80.65,78,75,9.22
305,Karmaskaly,RU,2022-10-16 20:08:19,54.3709,56.1837,40.84,79,33,5.59
306,Hoi An,VN,2022-10-16 20:08:20,15.8794,108.335,73.36,81,100,10.36
307,Temir,KZ,2022-10-16 20:08:21,49.1414,57.13,42.62,70,61,8.77
308,Taltal,CL,2022-10-16 20:08:21,-25.4,-70.4833,63.32,65,22,5.66
309,Tatawin,TN,2022-10-16 20:08:22,32.9297,10.4518,70.97,66,47,7.9
310,Clyde River,CA,2022-10-16 20:08:22,70.4692,-68.5914,32.13,84,100,7.38
311,Marzuq,YE,2022-10-16 20:08:23,14.4,46.4667,71.4,61,0,3.53
312,Longyearbyen,SJ,2022-10-16 20:08:23,78.2186,15.6401,24.64,68,40,10.36
313,Vanimo,PG,2022-10-16 20:08:24,-2.6741,141.3028,76.42,90,100,2.66
314,Illapel,CL,2022-10-16 20:08:25,-31.6308,-71.1653,73.71,49,6,8.86
315,Baruun-Urt,MN,2022-10-16 20:08:26,46.6806,113.2792,22.96,51,0,6.67
316,Pinhao,BR,2022-10-16 20:08:27,-25.6956,-51.6597,64.71,89,72,3.56
317,Hailar,CN,2022-10-16 20:08:27,49.2,119.7,26.31,63,4,7.7
318,Changli,CN,2022-10-16 20:08:28,39.7042,119.1506,43.9,23,0,10.02
319,Do Gonbadan,IR,2022-10-16 20:08:29,30.3586,50.7981,74.52,37,0,2.33
320,Three Hills,CA,2022-10-16 20:08:30,51.7001,-113.2686,60.67,47,66,5.01
321,Istiaia,GR,2022-10-16 20:09:30,38.9558,23.1528,58.53,80,0,4.99
322,Hasaki,JP,2022-10-16 20:09:31,35.7333,140.8333,67.21,85,100,9.26
323,Aksu,CN,2022-10-16 20:09:32,41.1231,80.2644,55.99,22,11,2.73
324,Ewo,CG,2022-10-16 20:09:32,-0.8725,14.8206,72.23,92,74,3.36
325,Chuy,UY,2022-10-16 20:09:33,-33.6971,-53.4616,58.23,94,100,19.66
326,Kidal,ML,2022-10-16 20:09:33,18.4411,1.4078,86.94,10,6,10.56
327,Mitu,CO,2022-10-16 20:09:34,1.1983,-70.1733,71.53,99,100,2.13
328,Pangnirtung,CA,2022-10-16 20:09:35,66.1451,-65.7125,35.6,100,100,5.75
329,Salinopolis,BR,2022-10-16 20:09:35,-0.6136,-47.3561,83.05,72,86,12.57
330,Peniche,PT,2022-10-16 20:09:36,39.3558,-9.3811,67.28,85,100,11.03
331,Xiamen,CN,2022-10-16 20:09:36,24.4798,118.0819,78.26,76,100,15.12
332,Sao Sebastiao,BR,2022-10-16 20:09:37,-23.76,-45.4097,69.76,96,99,2.91
333,Hashtgerd,IR,2022-10-16 20:09:37,35.9642,50.6858,70.07,18,100,6.08
334,Sioux Lookout,CA,2022-10-16 20:09:38,50.1001,-91.917,30.27,93,100,16.11
335,Kisangani,CD,2022-10-16 20:09:38,0.5167,25.2,69.64,96,100,1.68
336,Pucallpa,PE,2022-10-16 20:09:39,-8.3791,-74.5539,82.44,83,75,0.0
337,Nabire,ID,2022-10-16 20:09:39,-3.3667,135.4833,75.97,92,100,2.93
338,Zheleznodorozhnyy,RU,2022-10-16 20:09:40,55.7503,38.0042,45.01,73,36,9.82
339,Aktash,RU,2022-10-16 20:09:40,50.3,87.7333,32.52,45,100,5.73
340,Rock Springs,US,2022-10-16 20:04:50,41.5875,-109.2029,57.04,33,0,10.36
341,Sibu,MY,2022-10-16 20:09:41,2.3,111.8167,73.89,99,96,1.66
342,Ballina,AU,2022-10-16 20:09:41,-28.8667,153.5667,62.02,94,93,4.38
343,Kaoma,ZM,2022-10-16 20:09:42,-14.7833,24.8,71.1,23,23,4.63
344,Kasiri,SL,2022-10-16 20:09:43,8.9412,-13.1148,76.51,90,100,5.12
345,Sobolevo,RU,2022-10-16 20:09:43,54.4299,31.8996,43.92,70,100,14.32
346,Laguna,US,2022-10-16 20:06:35,38.421,-121.4238,73.69,56,0,10.36
347,Uniao,BR,2022-10-16 20:09:44,-4.5858,-42.8642,99.52,21,27,3.0
348,Adrar,MR,2022-10-16 20:09:44,20.5022,-10.0711,92.17,23,44,3.09
349,Elko,US,2022-10-16 20:09:45,41.0002,-115.5012,71.62,16,0,5.01
350,Bambous Virieux,MU,2022-10-16 20:09:45,-20.3428,57.7575,68.22,79,10,7.07
351,Quime,BO,2022-10-16 20:09:46,-16.9833,-67.2167,53.78,84,99,8.3
352,Mount Gambier,AU,2022-10-16 20:09:47,-37.8333,140.7667,37.31,100,75,0.0
353,Nome,US,2022-10-16 20:09:47,64.5011,-165.4064,30.27,86,100,8.05
354,Malakal,SS,2022-10-16 20:09:48,9.5334,31.6605,72.86,92,100,3.76
355,Huarmey,PE,2022-10-16 20:09:48,-10.0681,-78.1522,67.64,72,73,12.46
356,Parry Sound,CA,2022-10-16 20:08:40,45.3501,-80.033,48.97,67,96,9.35
357,Galle,LK,2022-10-16 20:09:49,6.0367,80.217,76.95,84,100,2.42
358,Broken Hill,AU,2022-10-16 20:09:50,-31.95,141.4333,55.76,61,0,10.18
359,Seoul,KR,2022-10-16 20:05:39,37.5683,126.9778,56.59,42,64,10.02
360,Winslow,US,2022-10-16 20:09:50,35.0242,-110.6974,60.98,59,0,3.44
361,Aguimes,ES,2022-10-16 20:09:51,27.9054,-15.4461,70.43,78,20,10.36
362,Mount Isa,AU,2022-10-16 20:09:52,-20.7333,139.5,71.37,88,86,6.91
363,Bud,US,2022-10-16 20:09:52,39.447,-86.1758,71.74,42,0,14.47
364,Sal Rei,CV,2022-10-16 20:05:23,16.1833,-22.9167,76.59,75,19,13.94
365,Moose Factory,CA,2022-10-16 20:09:53,51.2585,-80.6094,44.58,93,100,5.75
366,Estelle,US,2022-10-16 20:09:53,29.8458,-90.1067,87.01,72,75,10.36
367,Matamoros,MX,2022-10-16 20:09:47,25.5333,-103.25,91.51,28,20,0.0
368,Lorengau,PG,2022-10-16 20:09:54,-2.0226,147.2712,80.08,81,99,5.66
369,Capitan Bado,PY,2022-10-16 20:09:55,-23.2667,-55.5333,73.92,79,64,5.82
370,Gunnedah,AU,2022-10-16 20:10:55,-30.9833,150.25,51.17,85,0,3.22
371,Nanga Eboko,CM,2022-10-16 20:10:56,4.6833,12.3667,68.94,96,68,1.28
372,Ipixuna,BR,2022-10-16 20:10:56,-1.7625,-48.8043,77.74,90,72,3.42
373,Kaura Namoda,NG,2022-10-16 20:10:57,12.5898,6.5779,81.57,21,44,4.25
374,Nizhniy Kuranakh,RU,2022-10-16 20:10:57,58.8353,125.4869,23.61,97,100,3.85
375,Flinders,AU,2022-10-16 20:10:58,-34.5833,150.8552,58.17,85,88,5.99
376,Ati,TD,2022-10-16 20:10:58,13.2154,18.3353,91.96,19,1,6.93
377,Albanel,CA,2022-10-16 20:10:59,48.8832,-72.4487,48.65,65,98,4.85
378,Yangjiang,CN,2022-10-16 20:10:59,21.85,111.9667,74.93,51,100,7.78
379,Vila Velha,BR,2022-10-16 20:11:00,-20.3297,-40.2925,76.95,77,40,9.22
380,Filadelfia,US,2022-10-16 20:07:08,39.9523,-75.1638,70.43,39,40,5.75
381,Gueret,FR,2022-10-16 20:08:36,46.1667,1.8667,63.95,68,99,9.1
382,Pasighat,IN,2022-10-16 20:08:22,28.0667,95.3333,69.01,70,0,3.78
383,Lashio,MM,2022-10-16 20:11:01,22.9333,97.75,64.45,98,62,1.23
384,Evensk,RU,2022-10-16 20:11:02,61.95,159.2333,15.21,76,64,6.55
385,Kloulklubed,PW,2022-10-16 20:11:03,7.0419,134.2556,84.09,74,100,13.89
386,Mahon,ES,2022-10-16 20:11:03,39.8885,4.2658,70.36,88,20,5.75
387,Hovd,MN,2022-10-16 20:11:04,48.0056,91.6419,31.66,45,87,0.63
388,Muzhi,RU,2022-10-16 20:11:05,65.3667,64.6667,39.31,87,95,6.91
389,Maragogi,BR,2022-10-16 20:11:06,-9.0122,-35.2225,76.28,80,44,8.72
390,Buraydah,SA,2022-10-16 20:06:43,26.326,43.975,78.22,14,0,4.81
391,Nichinan,JP,2022-10-16 20:11:08,31.6,131.3667,72.39,94,100,1.99
392,Cleethorpes,GB,2022-10-16 20:11:09,53.5605,-0.0323,54.97,71,96,14.72
393,Zatoka,UA,2022-10-16 20:11:09,46.0725,30.4654,56.82,55,0,13.29
394,Tres Picos,MX,2022-10-16 20:11:10,15.8667,-93.5333,87.04,69,72,5.1
395,Pathein,MM,2022-10-16 20:11:10,16.7833,94.7333,73.02,91,60,3.38
396,Mareeba,AU,2022-10-16 20:11:11,-17.0,145.4333,68.72,92,73,2.71
397,Isangel,VU,2022-10-16 20:11:12,-19.55,169.2667,75.29,73,2,8.41
398,Los Banos,PH,2022-10-16 20:11:13,14.1667,121.1833,77.79,93,100,4.07
399,Tevaitoa,PF,2022-10-16 20:11:14,-16.7833,-151.5,78.85,67,41,16.42
400,Riyadh,SA,2022-10-16 20:10:48,24.6877,46.7219,78.94,17,1,7.45
401,Whitehorse,CA,2022-10-16 20:09:01,60.7161,-135.0538,52.81,73,100,8.99
402,Altay,CN,2022-10-16 20:11:15,47.8667,88.1167,48.65,26,95,7.99
403,Bhindar,IN,2022-10-16 20:11:16,24.5,74.1833,66.83,52,5,2.51
404,Bloemfontein,ZA,2022-10-16 20:11:16,-29.1211,26.214,65.41,52,100,6.62
405,Bom Jesus,BR,2022-10-16 20:11:17,-9.0744,-44.3586,97.61,18,13,8.75
406,Sept-Iles,CA,2022-10-16 20:11:02,50.2001,-66.3821,49.05,98,100,6.91
407,Damaturu,NG,2022-10-16 20:11:18,11.747,11.9608,84.49,20,98,8.12
408,Kahului,US,2022-10-16 20:11:19,20.8947,-156.47,87.82,59,20,13.8
409,Aklavik,CA,2022-10-16 20:11:19,68.2191,-135.0107,25.83,86,100,7.54
410,Longford,IE,2022-10-16 20:11:20,53.7333,-7.8,52.86,95,100,16.33
411,Milkovo,RU,2022-10-16 20:11:21,54.7167,158.6167,27.46,77,46,0.92
412,Bubaque,GW,2022-10-16 20:11:21,11.2833,-15.8333,81.93,71,40,3.09
413,Pedasi,PA,2022-10-16 20:11:22,7.5333,-80.0333,77.07,83,96,15.23
414,Sitka,US,2022-10-16 20:07:15,57.0531,-135.33,57.09,88,100,8.05
415,Tessalit,ML,2022-10-16 20:12:23,20.1986,1.0114,87.21,12,84,11.97
416,Oporelu,RO,2022-10-16 20:12:23,44.6,24.4167,51.73,59,0,3.67
417,Serenje,ZM,2022-10-16 20:12:24,-13.2325,30.2352,70.47,29,0,7.34
418,Tchollire,CM,2022-10-16 20:12:24,8.4022,14.1698,73.98,77,100,3.27
419,Newport,GB,2022-10-16 20:12:25,51.5877,-2.9984,60.91,90,100,13.87
420,Allapalli,IN,2022-10-16 20:12:26,19.4167,80.0667,73.33,97,19,1.05
421,Luderitz,NA,2022-10-16 20:12:26,-26.6481,15.1594,60.76,84,0,8.55
422,Ban Nahin,LA,2022-10-16 20:12:27,18.2418,104.2122,66.43,74,92,3.76
423,Beira,MZ,2022-10-16 20:12:27,-19.8436,34.8389,75.29,88,20,8.05
424,Southbridge,US,2022-10-16 20:10:39,42.0751,-72.0334,69.3,54,58,1.01
425,Piacabucu,BR,2022-10-16 20:12:28,-10.4056,-36.4344,77.07,69,17,8.75
426,Saravan,AM,2022-10-16 20:12:28,39.7196,45.6483,53.15,57,10,5.28
427,Lincoln,US,2022-10-16 20:12:29,40.8,-96.667,62.01,37,0,18.41
428,Dingle,PH,2022-10-16 20:12:30,10.9995,122.6711,76.51,90,100,5.35
429,Victoria,HK,2022-10-16 20:07:47,22.2855,114.1577,82.45,47,100,18.99
430,Bonthe,SL,2022-10-16 20:12:31,7.5264,-12.505,76.98,87,100,6.49
431,Rabo De Peixe,PT,2022-10-16 20:12:31,37.8,-25.5833,65.28,82,20,9.22
432,Yebaishou,CN,2022-10-16 20:12:32,41.3975,119.6408,37.15,30,0,12.68
433,Omboue,GA,2022-10-16 20:12:33,-1.5746,9.2618,77.09,88,71,4.23
434,Egvekinot,RU,2022-10-16 20:12:33,66.3167,-179.1667,12.4,82,100,12.39
435,Talnakh,RU,2022-10-16 20:12:34,69.4865,88.3972,29.21,96,100,8.7
436,Muli,MV,2022-10-16 20:12:35,2.9167,73.5667,80.92,77,65,17.07
437,Litovko,RU,2022-10-16 20:12:15,49.2361,135.1742,34.39,69,8,5.84
438,Manono,CD,2022-10-16 20:12:35,-7.3,27.4167,69.82,89,100,3.67
439,Zhangye,CN,2022-10-16 20:12:36,38.9342,100.4517,46.24,27,6,5.3
440,Stornoway,GB,2022-10-16 20:12:36,58.2093,-6.3865,43.93,85,55,6.91
441,Makurdi,NG,2022-10-16 20:12:37,7.7411,8.5121,77.41,80,99,4.21
442,Tanout,NE,2022-10-16 20:12:37,14.9709,8.8879,87.33,14,0,10.36
443,Ranong,TH,2022-10-16 20:12:38,9.9658,98.6348,75.47,96,100,4.34
444,Bowen,AU,2022-10-16 20:12:39,-20.0167,148.2333,74.77,77,100,4.61
445,Rio Branco,BR,2022-10-16 20:11:00,-9.9747,-67.81,79.41,89,75,5.75
446,Kendari,ID,2022-10-16 20:12:40,-3.945,122.4989,75.47,93,85,0.49
447,Durham,US,2022-10-16 20:12:32,36.0335,-78.8664,82.18,55,100,8.05
448,Yumen,CN,2022-10-16 20:12:40,40.2833,97.2,41.67,29,44,4.56
449,Kazerun,IR,2022-10-16 20:12:41,29.6195,51.6541,73.15,36,0,1.99
450,Correntina,BR,2022-10-16 20:12:41,-13.3433,-44.6367,91.35,19,3,5.37
451,Petrolina,BR,2022-10-16 20:12:42,-9.3986,-40.5008,93.25,17,0,12.66
452,Novoilinsk,RU,2022-10-16 20:12:43,51.6829,108.7143,23.04,73,15,1.5
453,Taoudenni,ML,2022-10-16 20:12:43,22.6783,-3.9836,92.73,11,98,9.51
454,Lantana,US,2022-10-16 20:12:44,26.5867,-80.052,87.06,69,40,10.36
455,Khatanga,RU,2022-10-16 20:12:44,71.9667,102.5,13.64,95,100,9.1
456,Gornozavodsk,RU,2022-10-16 20:12:45,58.3758,58.3211,40.86,90,100,8.12
457,Matara,LK,2022-10-16 20:12:45,5.9485,80.5353,75.81,88,98,4.18
458,Awjilah,LY,2022-10-16 20:12:46,29.1081,21.2869,73.36,43,1,8.16
459,Itoman,JP,2022-10-16 20:12:46,26.1247,127.6694,81.37,80,75,9.22
460,Mata,PT,2022-10-16 20:12:47,40.683,-7.4592,59.94,75,100,5.7
461,Dalbandin,PK,2022-10-16 20:12:47,28.8947,64.4101,71.15,10,0,1.23
462,Havre-Saint-Pierre,CA,2022-10-16 20:12:48,50.2334,-63.5986,50.36,100,100,10.36
463,Nantucket,US,2022-10-16 20:13:48,41.2835,-70.0995,67.01,84,0,8.05
464,Fiumicino,IT,2022-10-16 20:13:49,41.7675,12.2291,69.64,78,0,2.3
465,Leshukonskoye,RU,2022-10-16 20:13:49,64.8989,45.7622,42.62,94,97,8.05
466,Pochutla,MX,2022-10-16 20:13:50,15.7432,-96.4661,88.83,65,100,5.88
467,Terney,RU,2022-10-16 20:13:51,45.0503,136.6092,47.12,69,100,2.91
468,Nemuro,JP,2022-10-16 20:13:51,43.3236,145.575,59.86,82,100,15.3
469,Yerbogachen,RU,2022-10-16 20:13:52,61.2767,108.0108,26.11,90,31,5.44
470,Hualmay,PE,2022-10-16 20:13:52,-11.0964,-77.6139,66.65,72,34,12.35
471,Rognan,NO,2022-10-16 20:13:53,67.0953,15.3878,33.94,75,45,4.09
472,Kibre Mengist,ET,2022-10-16 20:13:53,5.8833,38.9833,58.5,96,75,2.24
473,Antofagasta,CL,2022-10-16 20:13:54,-23.65,-70.4,61.88,62,20,6.58
474,Pacific Grove,US,2022-10-16 20:13:54,36.6177,-121.9166,65.88,75,100,5.75
475,Sao Filipe,CV,2022-10-16 20:13:55,14.8961,-24.4956,76.77,77,40,10.4
476,Richards Bay,ZA,2022-10-16 20:13:55,-28.783,32.0377,65.82,82,74,2.71
477,Saint-Francois,FR,2022-10-16 20:13:56,46.4154,3.9054,65.64,68,0,6.91
478,Gibsons,CA,2022-10-16 20:13:56,49.3997,-123.5027,78.31,58,5,1.61
479,Kaeo,NZ,2022-10-16 20:13:57,-35.1,173.7833,57.33,96,51,2.84
480,Grajau,BR,2022-10-16 20:13:57,-5.8194,-46.1386,97.79,21,44,3.85
481,Krasnoselkup,RU,2022-10-16 20:13:58,65.7,82.4667,31.6,99,100,5.5
482,Winnemucca,US,2022-10-16 20:13:58,40.973,-117.7357,75.25,14,0,10.36
483,Port Augusta,AU,2022-10-16 20:13:59,-32.5,137.7667,58.33,55,0,10.0
484,Lesmahagow,GB,2022-10-16 20:13:59,55.6367,-3.8874,47.28,82,100,6.44
485,Iaciara,BR,2022-10-16 20:14:00,-14.0958,-46.6317,93.63,17,5,6.8
486,Klaksvik,FO,2022-10-16 20:14:01,62.2266,-6.589,45.52,87,43,22.62
487,Bay-Khaak,RU,2022-10-16 20:14:01,51.1667,94.5,30.27,40,33,3.69
488,Kikwit,CD,2022-10-16 20:14:02,-5.041,18.8162,70.7,96,75,1.83
489,Jaisinghnagar,IN,2022-10-16 20:14:02,23.7,81.3833,67.86,81,4,2.95
490,Lesozavodsk,RU,2022-10-16 20:14:03,45.4794,133.4244,35.83,65,7,5.84
491,Cidreira,BR,2022-10-16 20:14:04,-30.1811,-50.2056,65.93,92,74,11.07
492,Turinskaya Sloboda,RU,2022-10-16 20:14:04,57.6232,64.3858,40.71,82,94,9.42
493,Sile,TR,2022-10-16 20:14:05,41.1754,29.6133,62.56,69,100,7.0
494,Chupa,RU,2022-10-16 20:14:05,66.27,33.0549,49.17,93,100,10.89
495,Qaqortoq,GL,2022-10-16 20:14:06,60.7167,-46.0333,32.0,69,8,5.75
496,Roela,EE,2022-10-16 20:14:06,59.1667,26.5926,54.77,84,100,12.57
497,Shizunai,JP,2022-10-16 20:14:07,42.3339,142.3669,56.68,89,100,9.13
498,Oranjemund,NA,2022-10-16 20:14:07,-28.55,16.4333,60.4,87,4,2.53
499,Honningsvag,NO,2022-10-16 20:14:08,70.9821,25.9704,44.35,93,75,10.36
500,Rocha,UY,2022-10-16 20:14:09,-34.4833,-54.3333,57.9,93,98,12.41
501,Northam,GB,2022-10-16 20:14:09,51.0333,-4.2167,60.39,96,100,17.56
502,Mehamn,NO,2022-10-16 20:14:10,71.0357,27.8492,44.55,93,75,9.22
503,Mangai,CD,2022-10-16 20:14:11,-4.05,19.5333,70.11,98,100,3.8
504,Baghdad,IQ,2022-10-16 20:13:29,33.3406,44.4009,78.71,27,0,4.61
505,Pata,PH,2022-10-16 20:14:11,17.7152,121.5018,73.09,88,100,2.26
506,Saint-Joseph,RE,2022-10-16 20:14:12,-21.3667,55.6167,66.58,83,29,6.33
507,Morondava,MG,2022-10-16 20:14:12,-20.2833,44.2833,77.54,77,91,13.8
508,Huntsville,US,2022-10-16 20:09:58,34.7304,-86.5861,77.56,60,0,5.01
509,Helena,US,2022-10-16 20:13:41,46.5927,-112.0361,69.17,47,0,4.61
510,Necochea,AR,2022-10-16 20:15:14,-38.5473,-58.7368,62.94,47,53,14.36
511,Yenagoa,NG,2022-10-16 20:15:14,4.9247,6.2642,74.88,94,100,3.51
512,Shingu,JP,2022-10-16 20:15:15,33.7333,135.9833,69.17,86,99,3.2
513,Rafai,CF,2022-10-16 20:15:16,4.95,23.9167,66.85,98,69,2.21
514,Kimbe,PG,2022-10-16 20:15:16,-5.5502,150.1429,75.83,92,100,3.15
515,Marsh Harbour,BS,2022-10-16 20:15:17,26.5412,-77.0636,80.76,62,2,15.55
516,Sola,VU,2022-10-16 20:15:17,-13.8833,167.55,80.29,77,46,13.15
517,Ahipara,NZ,2022-10-16 20:15:19,-35.1667,173.1667,59.38,83,88,6.22
518,Savannah Bight,HN,2022-10-16 20:15:20,16.45,-85.85,83.52,79,100,20.6
519,Cocu,RO,2022-10-16 20:15:21,44.8667,24.65,48.54,64,0,2.64
520,Tual,ID,2022-10-16 20:15:21,-5.6667,132.75,82.42,81,97,7.31
521,Barra Do Garcas,BR,2022-10-16 20:15:22,-15.89,-52.2567,99.18,23,20,0.0
522,Santona,ES,2022-10-16 20:15:22,43.4439,-3.4576,80.53,53,100,7.31
523,Alofi,NU,2022-10-16 20:15:23,-19.0595,-169.9187,80.49,78,75,12.66
524,Souillac,MU,2022-10-16 20:15:24,-20.5167,57.5167,71.98,83,40,5.75
525,Sao Miguel Dos Campos,BR,2022-10-16 20:15:24,-9.7811,-36.0936,80.1,75,21,8.12
526,Leningradskiy,RU,2022-10-16 20:15:25,69.3833,178.4167,13.44,92,99,7.56
527,Maningrida,AU,2022-10-16 20:15:25,-12.0667,134.2667,79.29,80,12,6.13
528,Erenhot,CN,2022-10-16 20:15:26,43.6475,111.9767,30.83,32,0,5.84
529,Cuencame,MX,2022-10-16 20:15:26,24.8711,-103.6964,84.25,25,28,9.01
530,Makushino,RU,2022-10-16 20:15:27,55.2103,67.2442,41.59,81,79,8.14
531,Colares,PT,2022-10-16 20:15:28,38.7992,-9.4469,69.33,80,20,11.99
532,Kachug,RU,2022-10-16 20:15:28,53.9606,105.8817,25.84,77,20,1.54
533,Tambilil,PH,2022-10-16 20:15:29,5.9622,124.6697,78.66,81,100,2.86
534,Kamaishi,JP,2022-10-16 20:15:29,39.2667,141.8833,61.77,92,99,8.01
535,Sawtell,AU,2022-10-16 20:15:30,-30.3833,153.1,64.42,82,40,4.61
536,Jawhar,SO,2022-10-16 20:15:30,2.7809,45.5005,75.87,84,11,9.26
537,Khorostkiv,UA,2022-10-16 20:15:31,49.2111,25.9217,45.27,54,17,8.55
538,San Felipe,VE,2022-10-16 20:15:32,10.3399,-68.7425,82.47,78,29,2.53
539,Pangai,TO,2022-10-16 20:15:32,-19.8,-174.35,80.71,78,75,13.8
540,Saint-Georges,GD,2022-10-16 20:13:04,12.0564,-61.7485,82.18,72,10,7.78
541,Sorong,ID,2022-10-16 20:15:33,-0.8833,131.25,78.24,86,99,6.08
542,Lithakia,GR,2022-10-16 20:15:34,37.7167,20.8333,58.37,58,5,8.16
543,Dembi Dolo,ET,2022-10-16 20:15:34,8.5333,34.8,55.94,91,87,4.23
544,Pinega,RU,2022-10-16 20:15:35,64.7001,43.3936,44.89,92,97,9.86
545,Goderich,CA,2022-10-16 20:15:35,43.7501,-81.7165,53.91,62,97,4.61
546,Vao,NC,2022-10-16 20:15:36,-22.6667,167.4833,70.74,66,21,5.59
547,Kalmunai,LK,2022-10-16 20:15:37,7.4167,81.8167,77.45,86,100,3.36
548,Pervomayskiy,RU,2022-10-16 20:15:37,53.2485,40.2871,40.33,72,9,6.73
549,San Cristobal,VE,2022-10-16 20:15:29,7.7669,-72.225,82.58,67,33,5.32
550,Jibuti,DJ,2022-10-16 20:15:38,11.5,42.5,76.3,70,0,14.34
551,Deputatskiy,RU,2022-10-16 20:15:39,69.3,139.9,12.85,94,100,4.65
552,Traverse City,US,2022-10-16 20:15:14,44.7631,-85.6206,48.61,88,100,4.61
553,Gorin,RU,2022-10-16 20:15:39,51.1983,136.6669,34.77,94,100,5.64
554,Ledyard,US,2022-10-16 20:15:40,41.4398,-72.0142,67.51,64,20,5.75
555,Natal,BR,2022-10-16 20:14:07,-5.795,-35.2094,81.25,78,20,16.11
556,El Cobre,CU,2022-10-16 20:15:41,20.0489,-75.9469,85.44,66,40,4.61
557,San Quintin,MX,2022-10-16 20:15:42,30.4833,-115.95,70.79,63,0,13.89
558,Orbetello,IT,2022-10-16 20:16:42,42.4408,11.2196,64.42,87,100,0.78
559,Puri,IN,2022-10-16 20:16:43,19.8,85.85,79.32,79,89,5.35
560,De-Kastri,RU,2022-10-16 20:12:19,51.4667,140.7833,35.89,77,39,12.77
561,Melbu,NO,2022-10-16 20:16:43,68.5044,14.8297,44.42,93,100,6.91
562,Chivay,PE,2022-10-16 20:16:44,-15.6383,-71.6011,58.78,27,67,10.89
563,Kohila,EE,2022-10-16 20:16:44,59.1681,24.7575,55.22,94,73,14.74
564,Haljala,EE,2022-10-16 20:16:45,59.4336,26.2614,54.34,81,95,15.43
565,Caranavi,BO,2022-10-16 20:16:46,-15.8167,-67.55,74.1,64,96,2.06
566,Tura,IN,2022-10-16 20:16:47,25.5198,90.2201,68.83,95,6,3.94
567,Nexo,DK,2022-10-16 20:13:10,55.0607,15.1306,57.29,78,0,21.21
568,Belvidere,US,2022-10-16 20:15:43,42.2639,-88.8443,51.91,55,100,12.08
569,Moyale,KE,2022-10-16 20:16:47,3.5167,39.0584,71.96,61,98,7.0
570,Tombouctou,ML,2022-10-16 20:16:48,20.0,-3.0,87.71,8,42,6.85
571,Eyl,SO,2022-10-16 20:16:48,7.9803,49.8164,77.86,87,25,9.15
572,Vanavara,RU,2022-10-16 20:16:49,60.34,102.2797,25.7,86,27,4.07
573,Hailun,CN,2022-10-16 20:16:49,47.45,126.9333,35.17,79,100,11.18
574,Bathsheba,BB,2022-10-16 20:16:50,13.2167,-59.5167,86.61,70,40,12.66
575,Alta Gracia,AR,2022-10-16 20:16:51,-31.6529,-64.4283,76.89,30,50,10.02
576,Filingue,NE,2022-10-16 20:16:52,14.3521,3.3168,92.73,20,4,9.26
577,Medea,DZ,2022-10-16 20:16:52,36.2642,2.7539,72.75,45,99,4.38
578,Krasnogvardeyskoye,RU,2022-10-16 20:16:53,45.8456,41.5186,54.88,51,100,17.83
579,Ferme-Neuve,CA,2022-10-16 20:16:53,46.7001,-75.4493,49.03,64,99,5.7
580,Cantagallo,CO,2022-10-16 20:16:54,7.376,-73.9196,90.18,59,67,2.13
581,Araouane,ML,2022-10-16 20:16:55,18.9048,-3.5265,91.38,8,63,7.85
582,Tanete,ID,2022-10-16 20:16:55,-3.9443,119.7848,76.06,96,100,3.18
583,Kargasok,RU,2022-10-16 20:16:56,59.0556,80.8572,35.58,77,100,4.81
584,Chegdomyn,RU,2022-10-16 20:16:56,51.1167,133.0167,30.4,81,100,1.28
